<?xml version="1.0" encoding="UTF-8"?>

<PitchEnvelope PatchFormat="1" ScaleFactor="1" Offset="0" TimeScale="0.25" TimeScaleByKey="0"
               TimeScaleByVel="0" Depth="0.015625" DepthByKey="0" DepthByVel="0"
               SyncMode="0" LoopStartIndex="2" LoopEndIndex="3" LoopMode="Forward">
  <Breakpoint Time="0" Level="1" Shape="Smooth" ShapeAmount="1"/>
  <Breakpoint Time="0.5" Level="1" Shape="Smooth" ShapeAmount="1"/>
  <Breakpoint Time="1" Level="1" Shape="Smooth" ShapeAmount="1"/>
  <Breakpoint Time="2.25" Level="1" Shape="Smooth" ShapeAmount="1"/>
  <Breakpoint Time="2.5" Level="1.05632" Shape="Smooth" ShapeAmount="1"/>
  <Breakpoint Time="2.75" Level="0.93344" Shape="Smooth" ShapeAmount="1"/>
  <Breakpoint Time="3" Level="1.12288" Shape="Smooth" ShapeAmount="1"/>
  <Breakpoint Time="3.25" Level="0.85664" Shape="Smooth" ShapeAmount="1"/>
  <Breakpoint Time="3.5" Level="1.18944" Shape="Smooth" ShapeAmount="1"/>
  <Breakpoint Time="3.75" Level="0.7952" Shape="Smooth" ShapeAmount="1"/>
  <Breakpoint Time="4" Level="1.25" Shape="Smooth" ShapeAmount="1"/>
  <Breakpoint Time="4.25" Level="0.75" Shape="Smooth" ShapeAmount="1"/>
  <Breakpoint Time="4.5" Level="1.25" Shape="Smooth" ShapeAmount="1"/>
  <Breakpoint Time="4.75" Level="0.75" Shape="Smooth" ShapeAmount="1"/>
  <Breakpoint Time="5" Level="1.25" Shape="Smooth" ShapeAmount="1"/>
  <Breakpoint Time="5.25" Level="0.75" Shape="Smooth" ShapeAmount="1"/>
  <Breakpoint Time="5.5" Level="1.25" Shape="Smooth" ShapeAmount="1"/>
  <Breakpoint Time="5.75" Level="0.75" Shape="Smooth" ShapeAmount="1"/>
  <Breakpoint Time="6" Level="1.25" Shape="Smooth" ShapeAmount="1"/>
  <Breakpoint Time="6.25" Level="0.75" Shape="Smooth" ShapeAmount="1"/>
  <Breakpoint Time="6.5" Level="1.25" Shape="Smooth" ShapeAmount="1"/>
  <Breakpoint Time="6.75" Level="0.75" Shape="Smooth" ShapeAmount="1"/>
  <Breakpoint Time="7" Level="1.25" Shape="Smooth" ShapeAmount="1"/>
  <Breakpoint Time="7.25" Level="0.75" Shape="Smooth" ShapeAmount="1"/>
  <Breakpoint Time="7.5" Level="1.25" Shape="Smooth" ShapeAmount="1"/>
  <Breakpoint Time="7.75" Level="0.75" Shape="Smooth" ShapeAmount="1"/>
  <Breakpoint Time="8" Level="1.25" Shape="Smooth" ShapeAmount="1"/>
  <Breakpoint Time="8.25" Level="0.75" Shape="Smooth" ShapeAmount="1"/>
  <Breakpoint Time="8.5" Level="1.25" Shape="Smooth" ShapeAmount="1"/>
  <Breakpoint Time="8.75" Level="0.75" Shape="Smooth" ShapeAmount="1"/>
  <Breakpoint Time="9" Level="1.25" Shape="Smooth" ShapeAmount="1"/>
  <Breakpoint Time="9.25" Level="0.75" Shape="Smooth" ShapeAmount="1"/>
  <Breakpoint Time="9.5" Level="1" Shape="Smooth" ShapeAmount="1"/>
</PitchEnvelope>
