<?xml version="1.0" encoding="UTF-8"?>

<EchoLab PatchFormat="1" DryWet="0.2" SyncDelayTimes="1" WetLevel="0"
         Solo="-1">
  <DelayLine DelayTime="0.5" Amplitude="0.5" Feedback="56.8" Pan="-0.6" PingPong="1"
             Mute="0">
    <FeedbackFilter GlobalGain="0">
      <Band Frequency="2433.38911" Gain="-7.5" Bandwidth="3.38461538" Mode="High Shelving"/>
      <Band Frequency="135.15037" Gain="-2.4" Bandwidth="1.89996863" Mode="Highpass 12 dB/oct"/>
    </FeedbackFilter>
  </DelayLine>
  <DelayLine DelayTime="0.33" Amplitude="0.325" Feedback="89.5" Pan="0.6"
             PingPong="1" Mute="0">
    <FeedbackFilter GlobalGain="0">
      <Band Frequency="2433.38911" Gain="-7.5" Bandwidth="3.38461538" Mode="High Shelving"/>
      <Band Frequency="135.15037" Gain="-2.4" Bandwidth="1.89996863" Mode="Highpass 12 dB/oct"/>
    </FeedbackFilter>
    <InputFilter GlobalGain="0">
      <Band Frequency="14541.145" Gain="9.88235294" Bandwidth="1.89996863"
            Mode="Peak/Dip"/>
    </InputFilter>
  </DelayLine>
</EchoLab>
