<?xml version="1.0" encoding="UTF-8"?>

<EchoLab PatchFormat="1" DryWet="0.25" SyncDelayTimes="1" WetLevel="0"
         Solo="-1">
  <DelayLine DelayTime="0.75" Amplitude="0.6" Feedback="44.2" Pan="-0.45"
             PingPong="1" Mute="0">
    <FeedbackFilter GlobalGain="0">
      <Band Frequency="173.982185" Gain="-2.82352941" Bandwidth="4.47252747"
            Mode="Highpass 12 dB/oct"/>
      <Band Frequency="13321.0157" Gain="-5.08235294" Bandwidth="1.89996863"
            Mode="Lowpass 12 dB/oct"/>
    </FeedbackFilter>
    <InputFilter GlobalGain="0">
      <Band Frequency="1003.99155" Gain="10.1647059" Bandwidth="2.59195402"
            Mode="Peak/Dip"/>
    </InputFilter>
  </DelayLine>
  <DelayLine DelayTime="0.25" Amplitude="0.475" Feedback="-28.3" Pan="0" PingPong="0"
             Mute="0">
    <InputFilter GlobalGain="0">
      <Band Frequency="300.876092" Gain="7.90588235" Bandwidth="1.95977011"
            Mode="Peak/Dip"/>
    </InputFilter>
  </DelayLine>
  <DelayLine DelayTime="1.25" Amplitude="-0.3375" Feedback="-21.2" Pan="0"
             PingPong="0" Mute="0">
    <FeedbackFilter GlobalGain="0">
      <Band Frequency="2024.04502" Gain="8.75294118" Bandwidth="1.89996863"
            Mode="High Shelving"/>
    </FeedbackFilter>
    <InputFilter GlobalGain="0">
      <Band Frequency="1394.63255" Gain="9.6" Bandwidth="3.16091954" Mode="Peak/Dip"/>
    </InputFilter>
  </DelayLine>
</EchoLab>
