<?xml version="1.0" encoding="UTF-8"?>

<DelayDesigner PatchFormat="1" SyncDelayTimes="1">
  <DelayLine DelayTime="0.25" Amplitude="0.501412429" Feedback="50.31" Pan="0.33">
    <FeedbackFilter GlobalGain="0">
      <Band Frequency="610.668587" Gain="3.6" Bandwidth="3.32417582" Mode="Peak/Dip"/>
    </FeedbackFilter>
  </DelayLine>
  <DelayLine DelayTime="0.75" Amplitude="0.501412429" Feedback="22.72" Pan="-0.2">
    <FeedbackFilter GlobalGain="0">
      <Band Frequency="2191.42322" Gain="4.5" Bandwidth="4.47252747" Mode="Peak/Dip"/>
    </FeedbackFilter>
  </DelayLine>
  <DelayLine DelayTime="0.5" Amplitude="-0.360169492" Feedback="64.92" Pan="0"/>
</DelayDesigner>
