<?xml version="1.0" encoding="UTF-8"?>

<Straightliner PatchFormat="1" MasterLevel="-10.53" MidSideRatio="0.64" NumVoices="8"
               VoiceLevelByKey="0" VoiceLevelByVel="0" MasterLevelByVoices="0"
               MasterTuneA4="440" PitchWheelRange="12" GlideIsOn="1" GlideTime="50">
  <OscSection PatchFormat="1">
    <Osc1 PatchFormat="1" AudioFileRelativePath="Samples\SingleCycle\Classic\Saw.flac"
          Mute="0" Level="-4.89" LevelByKey="-12.88" LevelByVel="0" Pan="0"
          MidSideRatio="0.3" StartPhase="0" StartPhaseByKey="0" StartPhaseByVel="0"
          TimeReverse="0" PolarityInvert="0" FullWavePhaseWarp="0" HalfWavePhaseWarp="0"
          Tune="0" DetuneHz="0" StereoDetuneSemitones="-0.1" StereoDetuneHz="-1.66"
          SpectralContrast="1" SpectralSlope="0" HighestHarmonicToKeep="1024"
          LowestHarmonicToKeep="1" EvenOddRatio="0.5" EvenOddPhaseShift="-38"
          StereoPhaseShift="0" EvenOddStereoPhaseShift="0"/>
    <Osc2 PatchFormat="1" AudioFileRelativePath="Samples\SingleCycle\Classic\Saw.flac"
          Mute="0" Level="-4.44" LevelByKey="-8.2" LevelByVel="0" Pan="0"
          MidSideRatio="0.3" StartPhase="94" StartPhaseByKey="0" StartPhaseByVel="0"
          TimeReverse="0" PolarityInvert="0" FullWavePhaseWarp="0" HalfWavePhaseWarp="0"
          Tune="-12" DetuneHz="0" StereoDetuneSemitones="0.2" StereoDetuneHz="1"
          SpectralContrast="1" SpectralSlope="0" HighestHarmonicToKeep="1024"
          LowestHarmonicToKeep="1" EvenOddRatio="0.5" EvenOddPhaseShift="-136"
          StereoPhaseShift="-90" EvenOddStereoPhaseShift="0"/>
    <Osc3 PatchFormat="1" AudioFileRelativePath="Samples\SingleCycle\Classic\Saw.flac"
          Mute="1" Level="-0.44" LevelByKey="0" LevelByVel="0" Pan="0"
          MidSideRatio="0.5" StartPhase="98" StartPhaseByKey="0" StartPhaseByVel="0"
          TimeReverse="0" PolarityInvert="0" FullWavePhaseWarp="0" HalfWavePhaseWarp="0"
          Tune="-12.3" DetuneHz="0" StereoDetuneSemitones="-0.19" StereoDetuneHz="-0.11"
          SpectralContrast="1" SpectralSlope="0" HighestHarmonicToKeep="1024"
          LowestHarmonicToKeep="1" EvenOddRatio="0.5" EvenOddPhaseShift="0"
          StereoPhaseShift="90" EvenOddStereoPhaseShift="0"/>
    <Osc4 PatchFormat="1" AudioFileRelativePath="Samples\SingleCycle\Classic\Saw.flac"
          Mute="1" Level="-3.56" LevelByKey="0" LevelByVel="0" Pan="0"
          MidSideRatio="0.5" StartPhase="272" StartPhaseByKey="0" StartPhaseByVel="0"
          TimeReverse="0" PolarityInvert="0" FullWavePhaseWarp="0" HalfWavePhaseWarp="0"
          Tune="0.3" DetuneHz="0.22" StereoDetuneSemitones="0.17" StereoDetuneHz="0"
          SpectralContrast="1" SpectralSlope="0" HighestHarmonicToKeep="1024"
          LowestHarmonicToKeep="1" EvenOddRatio="0.5" EvenOddPhaseShift="0"
          StereoPhaseShift="90" EvenOddStereoPhaseShift="0"/>
  </OscSection>
  <Filter PatchFormat="1" Mode="Moogish Lowpass" Frequency="1049.48307"
          FrequencyByKey="50" FrequencyByVel="0" Resonance="10.2362205"
          Drive="0" Order="1" PreAllpass="77.7" MakeUp="100">
    <ControllerMapping>
      <Frequency MidiCC="74" Min="686.219518" Max="20000"/>
    </ControllerMapping>
  </Filter>
  <FilterEnvelope PatchFormat="1" ScaleFactor="1" Offset="0" TimeScale="1" TimeScaleByKey="0"
                  TimeScaleByVel="0" Depth="1" DepthByKey="0" DepthByVel="100"
                  SyncMode="0" LoopStartIndex="1" LoopEndIndex="2" LoopMode="Forward">
    <Breakpoint Time="0" Level="2" Shape="Analog" ShapeAmount="1"/>
    <Breakpoint Time="1" Level="1" Shape="Analog" ShapeAmount="1"/>
    <Breakpoint Time="2" Level="1" Shape="Analog" ShapeAmount="1"/>
    <Breakpoint Time="4.125" Level="0.125" Shape="Analog" ShapeAmount="1.233"/>
  </FilterEnvelope>
  <AmpEnvelope PatchFormat="1" ScaleFactor="1" Offset="0" TimeScale="1" TimeScaleByKey="0"
               TimeScaleByVel="0" Depth="1" DepthByKey="0" DepthByVel="0" SyncMode="0"
               LoopStartIndex="2" LoopEndIndex="3" LoopMode="Forward">
    <Breakpoint Time="0" Level="0" Shape="Analog" ShapeAmount="1"/>
    <Breakpoint Time="0.0300677818" Level="1" Shape="Analog" ShapeAmount="1"/>
    <Breakpoint Time="0.9375" Level="0.8125" Shape="Analog" ShapeAmount="1"/>
    <Breakpoint Time="1" Level="0.8125" Shape="Analog" ShapeAmount="1"/>
    <Breakpoint Time="1.125" Level="0.1875" Shape="Linear" ShapeAmount="1"/>
    <Breakpoint Time="2" Level="0.0625" Shape="Linear" ShapeAmount="1.299"/>
    <Breakpoint Time="4.25" Level="0" Shape="Analog" ShapeAmount="1.299"/>
  </AmpEnvelope>
</Straightliner>
