<?xml version="1.0" encoding="UTF-8"?>

<BreakpointModulatorState ScaleFactor="1" Offset="0" TimeScale="1" TimeScaleByKey="0" TimeScaleByVel="0"
                          Depth="2.71" DepthByKey="0" DepthByVel="0" SyncMode="0" LoopStartIndex="2"
                          LoopEndIndex="10" LoopMode="Forward">
  <Breakpoint Time="0" Level="2" Shape="Analog" ShapeAmount="1"/>
  <Breakpoint Time="0.125" Level="0.75" Shape="Analog" ShapeAmount="1"/>
  <Breakpoint Time="0.25" Level="1" Shape="Analog" ShapeAmount="1"/>
  <Breakpoint Time="0.375" Level="1.25" Shape="Analog" ShapeAmount="1"/>
  <Breakpoint Time="0.625" Level="0.625" Shape="Analog" ShapeAmount="1"/>
  <Breakpoint Time="0.75" Level="1.5" Shape="Analog" ShapeAmount="1"/>
  <Breakpoint Time="0.75" Level="0.375" Shape="Analog" ShapeAmount="1"/>
  <Breakpoint Time="0.875" Level="1.125" Shape="Analog" ShapeAmount="1"/>
  <Breakpoint Time="0.875" Level="0.375" Shape="Analog" ShapeAmount="1"/>
  <Breakpoint Time="1" Level="0.5" Shape="Analog" ShapeAmount="1"/>
  <Breakpoint Time="1.25" Level="1" Shape="Analog" ShapeAmount="1"/>
</BreakpointModulatorState>
