<?xml version="1.0" encoding="UTF-8"?>

<Straightliner PatchFormat="1" MasterLevel="-9" VoiceLevelByKey="-10" NumVoices="8"
               VoiceLevelByVel="0" MasterLevelByVoices="0" MidSideRatio="0.5"
               MasterTuneA4="440" PitchWheelRange="12" GlideIsOn="0" GlideTime="50">
  <OscSection PatchFormat="1">
    <Osc1 PatchFormat="1" Level="-8.44" Tune="-12" StereoDetuneHz="-0.97"
          StartPhase="167" SpectralSlope="-1" EvenOddPhaseShift="-65" EvenOddStereoPhaseShift="94"
          AudioFileRelativePath="Samples\SingleCycle\Classic\Saw.flac"
          Mute="0" LevelByKey="0" LevelByVel="0" Pan="0" MidSideRatio="0.5"
          StartPhaseByKey="0" StartPhaseByVel="0" TimeReverse="0" PolarityInvert="0"
          FullWavePhaseWarp="0" HalfWavePhaseWarp="0" CombHarmonic="1"
          CombAmount="0" DetuneHz="0" StereoDetuneSemitones="0" PitchModulationDepth="0"
          SpectralContrast="1" HighestHarmonicToKeep="1024" LowestHarmonicToKeep="1"
          PhaseScale="1" PhaseShift="0" EvenOddRatio="0.5" StereoPhaseShift="0"/>
    <Osc2 PatchFormat="1" Level="-10" StereoDetuneHz="0.73" StartPhase="245"
          SpectralSlope="-1" EvenOddPhaseShift="-23" StereoPhaseShift="-36"
          EvenOddStereoPhaseShift="-117" AudioFileRelativePath="Samples\SingleCycle\Classic\Saw.flac"
          Mute="0" LevelByKey="0" LevelByVel="0" Pan="0" MidSideRatio="0.5"
          StartPhaseByKey="0" StartPhaseByVel="0" TimeReverse="0" PolarityInvert="0"
          FullWavePhaseWarp="0" HalfWavePhaseWarp="0" CombHarmonic="1"
          CombAmount="0" Tune="0" DetuneHz="0" StereoDetuneSemitones="0"
          PitchModulationDepth="0" SpectralContrast="1" HighestHarmonicToKeep="1024"
          LowestHarmonicToKeep="1" PhaseScale="1" PhaseShift="0" EvenOddRatio="0.5"/>
    <Osc3 PatchFormat="1" Level="-10" StereoDetune="-0.23" StereoDetuneHz="-0.47"
          StartPhase="71" SpectralSlope="-1" StereoPhaseShift="-38" EvenOddStereoPhaseShift="46"
          AudioFileRelativePath="Samples\SingleCycle\Classic\Saw.flac"
          Mute="0" LevelByKey="0" LevelByVel="0" Pan="0" MidSideRatio="0.5"
          StartPhaseByKey="0" StartPhaseByVel="0" TimeReverse="0" PolarityInvert="0"
          FullWavePhaseWarp="0" HalfWavePhaseWarp="0" CombHarmonic="1"
          CombAmount="0" Tune="0" DetuneHz="0" StereoDetuneSemitones="-0.23"
          PitchModulationDepth="0" SpectralContrast="1" HighestHarmonicToKeep="1024"
          LowestHarmonicToKeep="1" PhaseScale="1" PhaseShift="0" EvenOddRatio="0.5"
          EvenOddPhaseShift="0"/>
    <Osc4 PatchFormat="1" Level="-10.22" Tune="12" StereoDetune="0.17"
          StereoDetuneHz="0.23" StartPhase="255" SpectralSlope="-1" StereoPhaseShift="-69"
          EvenOddStereoPhaseShift="52" AudioFileRelativePath="Samples\SingleCycle\Classic\Saw.flac"
          Mute="0" LevelByKey="0" LevelByVel="0" Pan="0" MidSideRatio="0.5"
          StartPhaseByKey="0" StartPhaseByVel="0" TimeReverse="0" PolarityInvert="0"
          FullWavePhaseWarp="0" HalfWavePhaseWarp="0" CombHarmonic="1"
          CombAmount="0" DetuneHz="0" StereoDetuneSemitones="0.17" PitchModulationDepth="0"
          SpectralContrast="1" HighestHarmonicToKeep="1024" LowestHarmonicToKeep="1"
          PhaseScale="1" PhaseShift="0" EvenOddRatio="0.5" EvenOddPhaseShift="0"/>
  </OscSection>
  <Filter PatchFormat="1" Frequency="7303.93872" Resonance="10.2637795"
          MakeUp="100" Mode="Moogish Lowpass" FrequencyByKey="0" FrequencyByVel="0"
          Drive="0" Order="4" PreAllpass="20000">
    <ControllerMapping>
      <Frequency MidiCC="74" Min="951.032481" Max="20000"/>
      <Resonance MidiCC="71" Min="0" Max="16.5"/>
    </ControllerMapping>
  </Filter>
  <PitchEnvelope PatchFormat="1" TimeScale="0.269637098" TimeScaleByKey="-60"
                 Depth="0.690909091" ScaleFactor="1" Offset="0" TimeScaleByVel="0"
                 DepthByKey="0" DepthByVel="0" SyncMode="1" LoopStartIndex="0"
                 LoopEndIndex="1" LoopMode="Off">
    <Breakpoint Time="0" Level="1" Shape="Analog" ShapeAmount="1"/>
    <Breakpoint Time="1" Level="1" Shape="Analog" ShapeAmount="1"/>
  </PitchEnvelope>
  <FilterEnvelope PatchFormat="1" ScaleFactor="1" Offset="0" TimeScale="1" TimeScaleByKey="0"
                  TimeScaleByVel="0" Depth="1" DepthByKey="0" DepthByVel="0" SyncMode="0"
                  LoopStartIndex="1" LoopEndIndex="2" LoopMode="Forward">
    <Breakpoint Time="0" Level="2" Shape="Analog" ShapeAmount="1"/>
    <Breakpoint Time="1" Level="1" Shape="Analog" ShapeAmount="1"/>
    <Breakpoint Time="2" Level="1" Shape="Analog" ShapeAmount="1"/>
    <Breakpoint Time="4.125" Level="0.125" Shape="Analog" ShapeAmount="1.233"/>
  </FilterEnvelope>
  <AmpEnvelope PatchFormat="1" ScaleFactor="1" Offset="0" TimeScale="1" TimeScaleByKey="0"
               TimeScaleByVel="0" Depth="1" DepthByKey="0" DepthByVel="0" SyncMode="0"
               LoopStartIndex="2" LoopEndIndex="3" LoopMode="Forward">
    <Breakpoint Time="0" Level="0" Shape="Analog" ShapeAmount="1"/>
    <Breakpoint Time="0.0300677818" Level="1" Shape="Analog" ShapeAmount="1"/>
    <Breakpoint Time="0.9375" Level="0.8125" Shape="Analog" ShapeAmount="1"/>
    <Breakpoint Time="1" Level="0.8125" Shape="Analog" ShapeAmount="1"/>
    <Breakpoint Time="1.125" Level="0.1875" Shape="Linear" ShapeAmount="1"/>
    <Breakpoint Time="2" Level="0.0625" Shape="Linear" ShapeAmount="1.299"/>
    <Breakpoint Time="4.25" Level="0" Shape="Analog" ShapeAmount="1.299"/>
  </AmpEnvelope>
</Straightliner>
