<?xml version="1.0" encoding="UTF-8"?>

<Straightliner PatchFormat="1" MasterLevel="-21.075" GlideTime="50" MasterTuneA4="440"
               PitchWheelRange="12" NumVoices="8" VoiceLevelByKey="0" VoiceLevelByVel="0"
               MasterLevelByVoices="0" MidSideRatio="0.5" GlideIsOn="0">
  <OscSection PatchFormat="1">
    <Osc1 PatchFormat="1" AudioFileRelativePath="Samples\SingleCycle\Classic\Saw.flac"
          Mute="0" Level="0" LevelByKey="0" LevelByVel="0" Pan="0" MidSideRatio="0.5"
          StartPhase="0" StartPhaseByKey="0" StartPhaseByVel="0" TimeReverse="0"
          PolarityInvert="0" FullWavePhaseWarp="0" HalfWavePhaseWarp="0"
          Tune="0" DetuneHz="0" StereoDetuneSemitones="0" StereoDetuneHz="0"
          PitchModulationDepth="1" SpectralContrast="1" SpectralSlope="0"
          HighestHarmonicToKeep="1024" LowestHarmonicToKeep="1" EvenOddRatio="0.75"
          EvenOddPhaseShift="0" StereoPhaseShift="0" EvenOddStereoPhaseShift="50"/>
    <Osc2 PatchFormat="1" AudioFileRelativePath="Samples\SingleCycle\Classic\Saw.flac"
          Mute="0" Level="-6.81" LevelByKey="0" LevelByVel="0" Pan="0"
          MidSideRatio="0.5" StartPhase="0" StartPhaseByKey="0" StartPhaseByVel="0"
          TimeReverse="0" PolarityInvert="0" FullWavePhaseWarp="0" HalfWavePhaseWarp="0"
          Tune="-12" DetuneHz="0" StereoDetuneSemitones="0" StereoDetuneHz="0"
          PitchModulationDepth="-1" SpectralContrast="1" SpectralSlope="0"
          HighestHarmonicToKeep="1024" LowestHarmonicToKeep="1" EvenOddRatio="0.65"
          EvenOddPhaseShift="0" StereoPhaseShift="-23" EvenOddStereoPhaseShift="0"/>
    <Osc3 PatchFormat="1" AudioFileRelativePath="Samples\SingleCycle\Classic\Saw.flac"
          Mute="1" Level="0" LevelByKey="0" LevelByVel="0" Pan="0" MidSideRatio="0.5"
          StartPhase="0" StartPhaseByKey="0" StartPhaseByVel="0" TimeReverse="0"
          PolarityInvert="0" FullWavePhaseWarp="0" HalfWavePhaseWarp="0"
          Tune="0" DetuneHz="0" StereoDetuneSemitones="0" StereoDetuneHz="0"
          PitchModulationDepth="0" SpectralContrast="1" SpectralSlope="0"
          HighestHarmonicToKeep="1024" LowestHarmonicToKeep="1" EvenOddRatio="0.5"
          EvenOddPhaseShift="0" StereoPhaseShift="0" EvenOddStereoPhaseShift="0"/>
    <Osc4 PatchFormat="1" AudioFileRelativePath="Samples\SingleCycle\Classic\Saw.flac"
          Mute="1" Level="0" LevelByKey="0" LevelByVel="0" Pan="0" MidSideRatio="0.5"
          StartPhase="0" StartPhaseByKey="0" StartPhaseByVel="0" TimeReverse="0"
          PolarityInvert="0" FullWavePhaseWarp="0" HalfWavePhaseWarp="0"
          Tune="0" DetuneHz="0" StereoDetuneSemitones="0" StereoDetuneHz="0"
          PitchModulationDepth="0" SpectralContrast="1" SpectralSlope="0"
          HighestHarmonicToKeep="1024" LowestHarmonicToKeep="1" EvenOddRatio="0.5"
          EvenOddPhaseShift="0" StereoPhaseShift="0" EvenOddStereoPhaseShift="0"/>
  </OscSection>
  <Filter PatchFormat="1" Mode="Moogish Lowpass" Frequency="1181.90269"
          FrequencyByKey="106.3" FrequencyByVel="0" Resonance="20.6" Drive="4.63"
          Order="2" PreAllpass="20000" MakeUp="100"/>
  <PitchEnvelope PatchFormat="1" ScaleFactor="1" Offset="0" TimeScale="1" TimeScaleByKey="0"
                 TimeScaleByVel="0" Depth="1" DepthByKey="0" DepthByVel="0" SyncMode="1"
                 LoopStartIndex="0" LoopEndIndex="7" LoopMode="Forward">
    <Breakpoint Time="0" Level="1" Shape="Stairstep" ShapeAmount="1"/>
    <Breakpoint Time="0.125" Level="1" Shape="Stairstep" ShapeAmount="1"/>
    <Breakpoint Time="0.25" Level="0.5" Shape="Stairstep" ShapeAmount="1"/>
    <Breakpoint Time="0.375" Level="0.25" Shape="Stairstep" ShapeAmount="1"/>
    <Breakpoint Time="0.5" Level="1" Shape="Stairstep" ShapeAmount="1"/>
    <Breakpoint Time="0.75" Level="0.25" Shape="Stairstep" ShapeAmount="1"/>
    <Breakpoint Time="0.875" Level="1.25" Shape="Stairstep" ShapeAmount="1"/>
    <Breakpoint Time="1" Level="1" Shape="Stairstep" ShapeAmount="1"/>
    <Breakpoint Time="2.5836177" Level="1" Shape="Stairstep" ShapeAmount="1"/>
  </PitchEnvelope>
  <FilterEnvelope PatchFormat="1" ScaleFactor="1" Offset="0" TimeScale="2" TimeScaleByKey="0"
                  TimeScaleByVel="0" Depth="2.51" DepthByKey="0" DepthByVel="0"
                  SyncMode="1" LoopStartIndex="0" LoopEndIndex="6" LoopMode="Forward">
    <Breakpoint Time="0" Level="1" Shape="Analog" ShapeAmount="1"/>
    <Breakpoint Time="0.25" Level="1.25" Shape="Analog" ShapeAmount="1"/>
    <Breakpoint Time="0.375" Level="0.625" Shape="Analog" ShapeAmount="1"/>
    <Breakpoint Time="0.5" Level="1.25" Shape="Analog" ShapeAmount="1"/>
    <Breakpoint Time="0.625" Level="0.625" Shape="Analog" ShapeAmount="1"/>
    <Breakpoint Time="0.75" Level="1.25" Shape="Analog" ShapeAmount="1"/>
    <Breakpoint Time="1" Level="1" Shape="Analog" ShapeAmount="1"/>
    <Breakpoint Time="1.01" Level="-0" Shape="Analog" ShapeAmount="1"/>
  </FilterEnvelope>
  <AmpEnvelope PatchFormat="1" ScaleFactor="1" Offset="0" TimeScale="1" TimeScaleByKey="0"
               TimeScaleByVel="0" Depth="1" DepthByKey="0" DepthByVel="0" SyncMode="1"
               LoopStartIndex="1" LoopEndIndex="7" LoopMode="Forward">
    <Breakpoint Time="0" Level="0" Shape="Analog" ShapeAmount="0.427"/>
    <Breakpoint Time="0.01" Level="1" Shape="Analog" ShapeAmount="0.427"/>
    <Breakpoint Time="0.125" Level="0.625" Shape="Analog" ShapeAmount="0.427"/>
    <Breakpoint Time="0.25" Level="1" Shape="Analog" ShapeAmount="0.427"/>
    <Breakpoint Time="0.375" Level="0.75" Shape="Analog" ShapeAmount="0.427"/>
    <Breakpoint Time="0.625" Level="1" Shape="Analog" ShapeAmount="0.427"/>
    <Breakpoint Time="0.75" Level="0.625" Shape="Analog" ShapeAmount="0.427"/>
    <Breakpoint Time="1" Level="1" Shape="Analog" ShapeAmount="0.427"/>
    <Breakpoint Time="1.2" Level="0" Shape="Analog" ShapeAmount="0.427"/>
  </AmpEnvelope>
</Straightliner>
