<?xml version="1.0" encoding="UTF-8"?>

<Straightliner Version="1.1" MasterLevel="-7" VoiceLevelByKey="-7" NumVoices="12"
               VoiceLevelByVel="0" MasterLevelByVoices="0" MidSideRatio="0.5"
               MasterTuneA4="440" PitchWheelRange="12" GlideIsOn="0" GlideTime="50">
  <OscSection Version="1.0">
    <Osc1 Version="1.0" AudioFileRelativePath="Samples\SingleCycle\Classic\Saw.flac"
          Mute="0" Level="-3" LevelByKey="0" LevelByVel="0" Pan="-0.3"
          MidSideRatio="0.5" StartPhase="0" StartPhaseByKey="0" StartPhaseByVel="0"
          TimeReverse="0" PolarityInvert="0" FullWavePhaseWarp="0" HalfWavePhaseWarp="0"
          Tune="-0.1" DetuneHz="0" StereoDetuneSemitones="0" StereoDetuneHz="0"
          SpectralContrast="1" SpectralSlope="0" HighestHarmonicToKeep="1024"
          LowestHarmonicToKeep="1" EvenOddRatio="0.5" EvenOddPhaseShift="0"
          StereoPhaseShift="0" EvenOddStereoPhaseShift="0"/>
    <Osc2 Version="1.0" AudioFileRelativePath="Samples\SingleCycle\Classic\Saw.flac"
          Mute="0" Level="-3" LevelByKey="0" LevelByVel="0" Pan="0.3" MidSideRatio="0.5"
          StartPhase="0" StartPhaseByKey="0" StartPhaseByVel="0" TimeReverse="0"
          PolarityInvert="0" FullWavePhaseWarp="0" HalfWavePhaseWarp="0"
          Tune="0.1" DetuneHz="0" StereoDetuneSemitones="0" StereoDetuneHz="0"
          SpectralContrast="1" SpectralSlope="0" HighestHarmonicToKeep="1024"
          LowestHarmonicToKeep="1" EvenOddRatio="0.5" EvenOddPhaseShift="0"
          StereoPhaseShift="0" EvenOddStereoPhaseShift="0"/>
    <Osc3 Version="1.0" AudioFileRelativePath="Samples\SingleCycle\Classic\Square_Ste.flac"
          Mute="1" Level="-36" LevelByKey="0" LevelByVel="0" Pan="0" MidSideRatio="0.5"
          StartPhase="0" StartPhaseByKey="0" StartPhaseByVel="0" TimeReverse="0"
          PolarityInvert="0" FullWavePhaseWarp="0" HalfWavePhaseWarp="0"
          Tune="0" DetuneHz="0" StereoDetuneSemitones="0" StereoDetuneHz="0"
          SpectralContrast="1" SpectralSlope="0" HighestHarmonicToKeep="1024"
          LowestHarmonicToKeep="1" EvenOddRatio="0.5" EvenOddPhaseShift="0"
          StereoPhaseShift="0" EvenOddStereoPhaseShift="0"/>
    <Osc4 Version="1.0" AudioFileRelativePath="Samples\SingleCycle\Classic\Square.flac"
          Mute="0" Level="-3.7" LevelByKey="0" LevelByVel="0" Pan="0" MidSideRatio="0.5"
          StartPhase="0" StartPhaseByKey="0" StartPhaseByVel="0" TimeReverse="0"
          PolarityInvert="0" FullWavePhaseWarp="0" HalfWavePhaseWarp="0"
          Tune="-12" DetuneHz="0" StereoDetuneSemitones="0" StereoDetuneHz="0"
          SpectralContrast="1" SpectralSlope="0" HighestHarmonicToKeep="1024"
          LowestHarmonicToKeep="1" EvenOddRatio="0.5" EvenOddPhaseShift="0"
          StereoPhaseShift="0" EvenOddStereoPhaseShift="0"/>
  </OscSection>
  <Filter Version="1.0" Mode="Moogish Lowpass" Frequency="603.228776" FrequencyByKey="46.2"
          FrequencyByVel="0" Resonance="17.6" Drive="-8.11" Order="4" PreAllpass="20000"
          MakeUp="100"/>
  <FilterEnvelope Version="1.0" ScaleFactor="1" Offset="0" TimeScale="3.69367638"
                  TimeScaleByKey="0" TimeScaleByVel="0" Depth="2.99" DepthByKey="0"
                  DepthByVel="0" SyncMode="0" LoopStartIndex="1" LoopEndIndex="2"
                  LoopMode="Forward">
    <Breakpoint Time="0" Level="2" Shape="Analog" ShapeAmount="1"/>
    <Breakpoint Time="0.4" Level="1" Shape="Analog" ShapeAmount="1"/>
    <Breakpoint Time="1" Level="1" Shape="Analog" ShapeAmount="1"/>
    <Breakpoint Time="1.26114154" Level="1.43404255" Shape="Analog" ShapeAmount="1"/>
  </FilterEnvelope>
  <AmpEnvelope Version="1.0" ScaleFactor="1" Offset="0" TimeScale="1" TimeScaleByKey="0"
               TimeScaleByVel="0" Depth="1" DepthByKey="0" DepthByVel="0" SyncMode="0"
               LoopStartIndex="3" LoopEndIndex="4" LoopMode="Forward">
    <Breakpoint Time="0" Level="0" Shape="Analog" ShapeAmount="1"/>
    <Breakpoint Time="0.01" Level="-0" Shape="Analog" ShapeAmount="1"/>
    <Breakpoint Time="0.3" Level="1" Shape="Analog" ShapeAmount="1"/>
    <Breakpoint Time="1" Level="0.6" Shape="Analog" ShapeAmount="1"/>
    <Breakpoint Time="2" Level="0.6" Shape="Analog" ShapeAmount="1"/>
    <Breakpoint Time="3.64065268" Level="0" Shape="Analog" ShapeAmount="1"/>
  </AmpEnvelope>
</Straightliner>
