<?xml version="1.0" encoding="UTF-8"?>

<Straightliner PatchFormat="1" MasterLevel="-14.3" VoiceLevelByKey="-9" VoiceLevelByVel="3"
               NumVoices="12" MasterLevelByVoices="0" MidSideRatio="0.5" MasterTuneA4="440"
               PitchWheelRange="12" GlideIsOn="0" GlideTime="50">
  <OscSection PatchFormat="1">
    <Osc1 PatchFormat="1" Level="-4.89" LevelByVel="5.56" StereoDetune="0.1"
          StartPhase="0" SpectralContrast="1.22" StereoPhaseShift="90"
          AudioFileRelativePath="Samples\SingleCycle\AcousticInstruments\PianoLow_Cyc.flac"
          Mute="0" LevelByKey="0" Pan="0" MidSideRatio="0.5" StartPhaseByKey="0"
          StartPhaseByVel="0" TimeReverse="0" PolarityInvert="0" FullWavePhaseWarp="0"
          HalfWavePhaseWarp="0" CombHarmonic="1" CombAmount="0" Tune="0"
          DetuneHz="0" StereoDetuneSemitones="0.1" StereoDetuneHz="0" PitchModulationDepth="0"
          SpectralSlope="0" HighestHarmonicToKeep="1024" LowestHarmonicToKeep="1"
          PhaseScale="1" PhaseShift="0" EvenOddRatio="0.5" EvenOddPhaseShift="0"
          EvenOddStereoPhaseShift="0"/>
    <Osc2 PatchFormat="1" Level="-12" LevelByKey="-14.05" Pan="0.297" Tune="-12"
          StereoDetuneHz="-0.2" StartPhase="0" SpectralContrast="1.97"
          StereoPhaseShift="90" AudioFileRelativePath="Samples\SingleCycle\AcousticInstruments\PianoLow_Cyc.flac"
          Mute="1" LevelByVel="0" MidSideRatio="0.5" StartPhaseByKey="0"
          StartPhaseByVel="0" TimeReverse="0" PolarityInvert="0" FullWavePhaseWarp="0"
          HalfWavePhaseWarp="0" CombHarmonic="1" CombAmount="0" DetuneHz="0"
          StereoDetuneSemitones="0" PitchModulationDepth="0" SpectralSlope="0"
          HighestHarmonicToKeep="1024" LowestHarmonicToKeep="1" PhaseScale="1"
          PhaseShift="0" EvenOddRatio="0.5" EvenOddPhaseShift="0" EvenOddStereoPhaseShift="0"/>
    <Osc3 PatchFormat="1" Level="-8.44" MidSide="0.25" Tune="12" StereoDetuneHz="0.5"
          StartPhase="0" SpectralContrast="0.89" LowestHarmonic="4" StereoPhaseShift="46"
          AudioFileRelativePath="Samples\SingleCycle\AcousticInstruments\PianoC2_Cyc.flac"
          Mute="0" LevelByKey="0" LevelByVel="0" Pan="0" MidSideRatio="0.25"
          StartPhaseByKey="0" StartPhaseByVel="0" TimeReverse="0" PolarityInvert="0"
          FullWavePhaseWarp="0" HalfWavePhaseWarp="0" CombHarmonic="1"
          CombAmount="0" DetuneHz="0" StereoDetuneSemitones="0" PitchModulationDepth="0"
          SpectralSlope="0" HighestHarmonicToKeep="1024" LowestHarmonicToKeep="4"
          PhaseScale="1" PhaseShift="0" EvenOddRatio="0.5" EvenOddPhaseShift="0"
          EvenOddStereoPhaseShift="0"/>
    <Osc4 PatchFormat="1" Level="2.67" MidSide="0.25" StartPhase="0" EvenOddRatio="0.76"
          StereoPhaseShift="-90" AudioFileRelativePath="Samples\SingleCycle\OctavesOfPrimeMultiples\SinOPM_h03.flac"
          Mute="0" LevelByKey="0" LevelByVel="0" Pan="0" MidSideRatio="0.25"
          StartPhaseByKey="0" StartPhaseByVel="0" TimeReverse="0" PolarityInvert="0"
          FullWavePhaseWarp="0" HalfWavePhaseWarp="0" CombHarmonic="1"
          CombAmount="0" Tune="0" DetuneHz="0" StereoDetuneSemitones="0"
          StereoDetuneHz="0" PitchModulationDepth="0" SpectralContrast="1"
          SpectralSlope="0" HighestHarmonicToKeep="1024" LowestHarmonicToKeep="1"
          PhaseScale="1" PhaseShift="0" EvenOddPhaseShift="0" EvenOddStereoPhaseShift="0"/>
  </OscSection>
  <Filter PatchFormat="1" Frequency="802.561406" FrequencyByKey="-42.1"
          FrequencyByVel="101.8" Resonance="0" Q="0.5" MakeUp="100" Mode="Lowpass 12 dB/oct"
          TwoStages="1"/>
  <PitchEnvelope PatchFormat="1" TimeScale="0.283578131" TimeScaleByKey="-65"
                 Depth="1.92727273" DepthByKey="-48" ScaleFactor="1" Offset="0"
                 TimeScaleByVel="0" DepthByVel="0" SyncMode="0" LoopStartIndex="0"
                 LoopEndIndex="1" LoopMode="Off">
    <Breakpoint Time="0" Level="1" Shape="Analog" ShapeAmount="1"/>
    <Breakpoint Time="1" Level="1" Shape="Analog" ShapeAmount="1"/>
  </PitchEnvelope>
  <FilterEnvelope PatchFormat="1" TimeScale="4.39652489" TimeScaleByKey="-25" Depth="2.59"
                  DepthByKey="30" ScaleFactor="1" Offset="0" TimeScaleByVel="0"
                  DepthByVel="0" SyncMode="0" LoopStartIndex="1" LoopEndIndex="2"
                  LoopMode="Forward">
    <Breakpoint Time="0" Level="2" Shape="Analog" ShapeAmount="1"/>
    <Breakpoint Time="0.4" Level="1" Shape="Analog" ShapeAmount="1.688"/>
    <Breakpoint Time="1" Level="1" Shape="Analog" ShapeAmount="1"/>
    <Breakpoint Time="1.39680821" Level="0.765217391" Shape="Analog" ShapeAmount="1"/>
  </FilterEnvelope>
  <AmpEnvelope PatchFormat="1" TimeScaleByKey="-50" ScaleFactor="1" Offset="0"
               TimeScale="1" TimeScaleByVel="0" Depth="1" DepthByKey="0" DepthByVel="0"
               SyncMode="0" LoopStartIndex="2" LoopEndIndex="3" LoopMode="Forward">
    <Breakpoint Time="0" Level="0" Shape="Analog" ShapeAmount="1"/>
    <Breakpoint Time="0.0078125" Level="1" Shape="Analog" ShapeAmount="1"/>
    <Breakpoint Time="1" Level="0.375" Shape="Analog" ShapeAmount="1"/>
    <Breakpoint Time="2" Level="0.375" Shape="Analog" ShapeAmount="1"/>
    <Breakpoint Time="3.57291322" Level="0" Shape="Analog" ShapeAmount="1.442"/>
  </AmpEnvelope>
</Straightliner>
