<?xml version="1.0" encoding="UTF-8"?>

<Straightliner PatchFormat="1" MasterLevel="-5.9" VoiceLevelByKey="-14.7272727"
               VoiceLevelByVel="4.5" MidSideRatio="0.4" NumVoices="8" MasterLevelByVoices="0"
               MasterTuneA4="440" PitchWheelRange="12" GlideIsOn="0" GlideTime="50">
  <OscSection PatchFormat="1">
    <Osc1 PatchFormat="1" Level="-10.67" StereoDetune="0.1" StereoDetuneHz="1"
          PitchModulationDepth="1" StartPhase="167" FullWaveWarp="0.0069609375"
          EvenOddRatio="0.75" EvenOddPhaseShift="-65" EvenOddStereoPhaseShift="94"
          AudioFileRelativePath="Samples\SingleCycle\ApproximatedEqualTemperament\ET12_PO2_MD009.7763.flac"
          Mute="0" LevelByKey="0" LevelByVel="0" Pan="0" MidSideRatio="0.5"
          StartPhaseByKey="0" StartPhaseByVel="0" TimeReverse="0" PolarityInvert="0"
          FullWavePhaseWarp="0.0069609375" HalfWavePhaseWarp="0" CombHarmonic="1"
          CombAmount="0" Tune="0" DetuneHz="0" StereoDetuneSemitones="0.1"
          SpectralContrast="1" SpectralSlope="0" HighestHarmonicToKeep="1024"
          LowestHarmonicToKeep="1" PhaseScale="1" PhaseShift="0" StereoPhaseShift="0"/>
    <Osc2 PatchFormat="1" Level="-9.33" StereoDetune="-0.07" StereoDetuneHz="-0.7"
          StartPhase="245" EvenOddPhaseShift="-23" StereoPhaseShift="-36"
          EvenOddStereoPhaseShift="-117" AudioFileRelativePath="Samples\SingleCycle\ApproximatedEqualTemperament\ET12_PO2_MD009.7763.flac"
          Mute="0" LevelByKey="0" LevelByVel="0" Pan="0" MidSideRatio="0.5"
          StartPhaseByKey="0" StartPhaseByVel="0" TimeReverse="0" PolarityInvert="0"
          FullWavePhaseWarp="0" HalfWavePhaseWarp="0" CombHarmonic="1"
          CombAmount="0" Tune="0" DetuneHz="0" StereoDetuneSemitones="-0.07"
          PitchModulationDepth="0" SpectralContrast="1" SpectralSlope="0"
          HighestHarmonicToKeep="1024" LowestHarmonicToKeep="1" PhaseScale="1"
          PhaseShift="0" EvenOddRatio="0.5"/>
    <Osc3 PatchFormat="1" Level="-10" StereoDetune="0.23" StartPhase="71"
          StereoPhaseShift="-38" EvenOddStereoPhaseShift="46" AudioFileRelativePath="Samples\SingleCycle\ApproximatedEqualTemperament\ET12_PO2_MD009.7763.flac"
          Mute="0" LevelByKey="0" LevelByVel="0" Pan="0" MidSideRatio="0.5"
          StartPhaseByKey="0" StartPhaseByVel="0" TimeReverse="0" PolarityInvert="0"
          FullWavePhaseWarp="0" HalfWavePhaseWarp="0" CombHarmonic="1"
          CombAmount="0" Tune="0" DetuneHz="0" StereoDetuneSemitones="0.23"
          StereoDetuneHz="0" PitchModulationDepth="0" SpectralContrast="1"
          SpectralSlope="0" HighestHarmonicToKeep="1024" LowestHarmonicToKeep="1"
          PhaseScale="1" PhaseShift="0" EvenOddRatio="0.5" EvenOddPhaseShift="0"/>
    <Osc4 PatchFormat="1" Level="-8.44" StereoDetune="-0.13" StartPhase="255"
          StereoPhaseShift="-69" EvenOddStereoPhaseShift="52" AudioFileRelativePath="Samples\SingleCycle\ApproximatedEqualTemperament\ET12_PO2_MD009.7763.flac"
          Mute="0" LevelByKey="0" LevelByVel="0" Pan="0" MidSideRatio="0.5"
          StartPhaseByKey="0" StartPhaseByVel="0" TimeReverse="0" PolarityInvert="0"
          FullWavePhaseWarp="0" HalfWavePhaseWarp="0" CombHarmonic="1"
          CombAmount="0" Tune="0" DetuneHz="0" StereoDetuneSemitones="-0.13"
          StereoDetuneHz="0" PitchModulationDepth="0" SpectralContrast="1"
          SpectralSlope="0" HighestHarmonicToKeep="1024" LowestHarmonicToKeep="1"
          PhaseScale="1" PhaseShift="0" EvenOddRatio="0.5" EvenOddPhaseShift="0"/>
  </OscSection>
  <Filter PatchFormat="1" Frequency="3350.94984" FrequencyByKey="100" FrequencyByVel="80.7"
          Resonance="0" MakeUp="100" Mode="Lowpass 6 dB/oct" TwoStages="1"/>
  <PitchEnvelope PatchFormat="1" TimeScale="0.5" Depth="0.03" ScaleFactor="1"
                 Offset="0" TimeScaleByKey="0" TimeScaleByVel="0" DepthByKey="0"
                 DepthByVel="0" SyncMode="1" LoopStartIndex="0" LoopEndIndex="3"
                 LoopMode="Forward">
    <Breakpoint Time="0" Level="1" Shape="Analog" ShapeAmount="1"/>
    <Breakpoint Time="0.25" Level="1.25" Shape="Sine 1" ShapeAmount="1"/>
    <Breakpoint Time="0.75" Level="0.75" Shape="Smooth" ShapeAmount="1"/>
    <Breakpoint Time="1" Level="1" Shape="Sine 2" ShapeAmount="1"/>
    <Breakpoint Time="2.5836177" Level="1" Shape="Analog" ShapeAmount="1"/>
  </PitchEnvelope>
  <FilterEnvelope PatchFormat="1" TimeScale="0.403575106" Depth="3.24" DepthByVel="44"
                  ScaleFactor="1" Offset="0" TimeScaleByKey="0" TimeScaleByVel="0"
                  DepthByKey="0" SyncMode="0" LoopStartIndex="1" LoopEndIndex="2"
                  LoopMode="Forward">
    <Breakpoint Time="0" Level="2" Shape="Analog" ShapeAmount="1"/>
    <Breakpoint Time="1" Level="1" Shape="Analog" ShapeAmount="1"/>
    <Breakpoint Time="2" Level="1" Shape="Analog" ShapeAmount="1"/>
    <Breakpoint Time="3.60179856" Level="0.462686567" Shape="Analog" ShapeAmount="1.233"/>
  </FilterEnvelope>
  <AmpEnvelope PatchFormat="1" ScaleFactor="1" Offset="0" TimeScale="1" TimeScaleByKey="0"
               TimeScaleByVel="0" Depth="1" DepthByKey="0" DepthByVel="0" SyncMode="0"
               LoopStartIndex="2" LoopEndIndex="3" LoopMode="Forward">
    <Breakpoint Time="0" Level="0" Shape="Analog" ShapeAmount="1"/>
    <Breakpoint Time="0.0300677818" Level="1" Shape="Analog" ShapeAmount="1"/>
    <Breakpoint Time="0.875" Level="0.25" Shape="Analog" ShapeAmount="1"/>
    <Breakpoint Time="1" Level="0.25" Shape="Analog" ShapeAmount="1"/>
    <Breakpoint Time="1.125" Level="0.125" Shape="Linear" ShapeAmount="1"/>
    <Breakpoint Time="3" Level="0" Shape="Analog" ShapeAmount="1.299"/>
  </AmpEnvelope>
</Straightliner>
