<?xml version="1.0" encoding="UTF-8"?>

<Straightliner PatchFormat="1" MasterLevel="-28.7" VoiceLevelByKey="-8" VoiceLevelByVel="4"
               NumVoices="8" MasterLevelByVoices="0" MidSideRatio="0.5" MasterTuneA4="440"
               PitchWheelRange="12" GlideIsOn="0" GlideTime="50">
  <OscSection PatchFormat="1">
    <Osc1 PatchFormat="1" Level="-6.35" MidSide="0.3" StereoDetune="0.05"
          StereoDetuneHz="1" StartPhase="0" AudioFileRelativePath="Samples\SingleCycle\Classic\Saw.flac"
          Mute="0" LevelByKey="0" LevelByVel="0" Pan="0" MidSideRatio="0.3"
          StartPhaseByKey="0" StartPhaseByVel="0" TimeReverse="0" PolarityInvert="0"
          FullWavePhaseWarp="0" HalfWavePhaseWarp="0" CombHarmonic="1"
          CombAmount="0" Tune="0" DetuneHz="0" StereoDetuneSemitones="0.05"
          PitchModulationDepth="0" SpectralContrast="1" SpectralSlope="0"
          HighestHarmonicToKeep="1024" LowestHarmonicToKeep="1" PhaseScale="1"
          PhaseShift="0" EvenOddRatio="0.5" EvenOddPhaseShift="0" StereoPhaseShift="0"
          EvenOddStereoPhaseShift="0"/>
    <Osc2 PatchFormat="1" Level="-6.35" MidSide="0.3" StereoDetune="-0.04"
          StereoDetuneHz="-0.8" StartPhase="50" AudioFileRelativePath="Samples\SingleCycle\Classic\Saw.flac"
          Mute="0" LevelByKey="0" LevelByVel="0" Pan="0" MidSideRatio="0.3"
          StartPhaseByKey="0" StartPhaseByVel="0" TimeReverse="0" PolarityInvert="0"
          FullWavePhaseWarp="0" HalfWavePhaseWarp="0" CombHarmonic="1"
          CombAmount="0" Tune="0" DetuneHz="0" StereoDetuneSemitones="-0.04"
          PitchModulationDepth="0" SpectralContrast="1" SpectralSlope="0"
          HighestHarmonicToKeep="1024" LowestHarmonicToKeep="1" PhaseScale="1"
          PhaseShift="0" EvenOddRatio="0.5" EvenOddPhaseShift="0" StereoPhaseShift="0"
          EvenOddStereoPhaseShift="0"/>
    <Osc3 PatchFormat="1" Level="-7.76" MidSide="0.35" StereoDetune="0.02"
          StereoDetuneHz="0.55" StartPhase="153" AudioFileRelativePath="Samples\SingleCycle\Classic\Saw.flac"
          Mute="0" LevelByKey="0" LevelByVel="0" Pan="0" MidSideRatio="0.35"
          StartPhaseByKey="0" StartPhaseByVel="0" TimeReverse="0" PolarityInvert="0"
          FullWavePhaseWarp="0" HalfWavePhaseWarp="0" CombHarmonic="1"
          CombAmount="0" Tune="0" DetuneHz="0" StereoDetuneSemitones="0.02"
          PitchModulationDepth="0" SpectralContrast="1" SpectralSlope="0"
          HighestHarmonicToKeep="1024" LowestHarmonicToKeep="1" PhaseScale="1"
          PhaseShift="0" EvenOddRatio="0.5" EvenOddPhaseShift="0" StereoPhaseShift="0"
          EvenOddStereoPhaseShift="0"/>
    <Osc4 PatchFormat="1" Tune="-4.98044999" StartPhase="0" EvenOddRatio="1"
          AudioFileRelativePath="Samples\SingleCycle\Classic\Saw.flac"
          Mute="0" Level="0" LevelByKey="0" LevelByVel="0" Pan="0" MidSideRatio="0.5"
          StartPhaseByKey="0" StartPhaseByVel="0" TimeReverse="0" PolarityInvert="0"
          FullWavePhaseWarp="0" HalfWavePhaseWarp="0" CombHarmonic="1"
          CombAmount="0" DetuneHz="0" StereoDetuneSemitones="0" StereoDetuneHz="0"
          PitchModulationDepth="0" SpectralContrast="1" SpectralSlope="0"
          HighestHarmonicToKeep="1024" LowestHarmonicToKeep="1" PhaseScale="1"
          PhaseShift="0" EvenOddPhaseShift="0" StereoPhaseShift="0" EvenOddStereoPhaseShift="0"/>
  </OscSection>
  <Filter PatchFormat="1" Frequency="1793.14827" FrequencyByKey="56.1"
          FrequencyByVel="79.8" Resonance="21.1" PreAllpass="75.8538038"
          MakeUp="100" Drive="15.16" Order="2" Mode="Moogish Lowpass"/>
  <PitchEnvelope PatchFormat="1" TimeScale="0.114445074" TimeScaleByKey="-100"
                 Depth="1.81818182" DepthByVel="65" ScaleFactor="1" Offset="0"
                 TimeScaleByVel="0" DepthByKey="0" SyncMode="0" LoopStartIndex="0"
                 LoopEndIndex="1" LoopMode="Off">
    <Breakpoint Time="0" Level="1" Shape="Analog" ShapeAmount="1"/>
    <Breakpoint Time="1" Level="1" Shape="Analog" ShapeAmount="1"/>
  </PitchEnvelope>
  <FilterEnvelope PatchFormat="1" TimeScale="2.60596586" Depth="3.09090909" ScaleFactor="1"
                  Offset="0" TimeScaleByKey="0" TimeScaleByVel="0" DepthByKey="0"
                  DepthByVel="0" SyncMode="0" LoopStartIndex="1" LoopEndIndex="2"
                  LoopMode="Forward">
    <Breakpoint Time="0" Level="2" Shape="Analog" ShapeAmount="1"/>
    <Breakpoint Time="0.4" Level="1" Shape="Analog" ShapeAmount="1"/>
    <Breakpoint Time="1" Level="1" Shape="Analog" ShapeAmount="1"/>
    <Breakpoint Time="1.64748429" Level="0.25" Shape="Analog" ShapeAmount="1"/>
  </FilterEnvelope>
  <AmpEnvelope PatchFormat="1" ScaleFactor="1" Offset="0" TimeScale="1" TimeScaleByKey="0"
               TimeScaleByVel="0" Depth="1" DepthByKey="0" DepthByVel="0" SyncMode="0"
               LoopStartIndex="1" LoopEndIndex="2" LoopMode="Forward">
    <Breakpoint Time="0" Level="0" Shape="Analog" ShapeAmount="1"/>
    <Breakpoint Time="0.01" Level="1" Shape="Analog" ShapeAmount="1"/>
    <Breakpoint Time="1" Level="1" Shape="Analog" ShapeAmount="1"/>
    <Breakpoint Time="1.04720909" Level="0.0829268293" Shape="Analog" ShapeAmount="1"/>
    <Breakpoint Time="2.59932255" Level="0" Shape="Analog" ShapeAmount="1.8"/>
  </AmpEnvelope>
</Straightliner>
