<?xml version="1.0" encoding="UTF-8"?>

<Straightliner PatchFormat="1" MasterLevel="-19.3" VoiceLevelByKey="-12" NumVoices="8"
               VoiceLevelByVel="0" MasterLevelByVoices="0" MidSideRatio="0.5"
               MasterTuneA4="440" PitchWheelRange="12" GlideIsOn="0" GlideTime="50">
  <OscSection PatchFormat="1">
    <Osc1 PatchFormat="1" Level="-3" Pan="-0.3" StereoDetune="0.07" StereoDetuneHz="0.04"
          StartPhase="0" AudioFileRelativePath="Samples\SingleCycle\Classic\Saw.flac"
          Mute="0" LevelByKey="0" LevelByVel="0" MidSideRatio="0.5" StartPhaseByKey="0"
          StartPhaseByVel="0" TimeReverse="0" PolarityInvert="0" FullWavePhaseWarp="0"
          HalfWavePhaseWarp="0" CombHarmonic="1" CombAmount="0" Tune="0"
          DetuneHz="0" StereoDetuneSemitones="0.07" PitchModulationDepth="0"
          SpectralContrast="1" SpectralSlope="0" HighestHarmonicToKeep="1024"
          LowestHarmonicToKeep="1" PhaseScale="1" PhaseShift="0" EvenOddRatio="0.5"
          EvenOddPhaseShift="0" StereoPhaseShift="0" EvenOddStereoPhaseShift="0"/>
    <Osc2 PatchFormat="1" Level="-3" Pan="0.3" StereoDetune="-0.1" StereoDetuneHz="-0.1"
          StartPhase="0" AudioFileRelativePath="Samples\SingleCycle\Classic\Saw.flac"
          Mute="0" LevelByKey="0" LevelByVel="0" MidSideRatio="0.5" StartPhaseByKey="0"
          StartPhaseByVel="0" TimeReverse="0" PolarityInvert="0" FullWavePhaseWarp="0"
          HalfWavePhaseWarp="0" CombHarmonic="1" CombAmount="0" Tune="0"
          DetuneHz="0" StereoDetuneSemitones="-0.1" PitchModulationDepth="0"
          SpectralContrast="1" SpectralSlope="0" HighestHarmonicToKeep="1024"
          LowestHarmonicToKeep="1" PhaseScale="1" PhaseShift="0" EvenOddRatio="0.5"
          EvenOddPhaseShift="0" StereoPhaseShift="0" EvenOddStereoPhaseShift="0"/>
    <Osc3 PatchFormat="1" Level="-2.12" StartPhase="0" AudioFileRelativePath="Samples\SingleCycle\Classic\Square_Ste.flac"
          Mute="0" LevelByKey="0" LevelByVel="0" Pan="0" MidSideRatio="0.5"
          StartPhaseByKey="0" StartPhaseByVel="0" TimeReverse="0" PolarityInvert="0"
          FullWavePhaseWarp="0" HalfWavePhaseWarp="0" CombHarmonic="1"
          CombAmount="0" Tune="0" DetuneHz="0" StereoDetuneSemitones="0"
          StereoDetuneHz="0" PitchModulationDepth="0" SpectralContrast="1"
          SpectralSlope="0" HighestHarmonicToKeep="1024" LowestHarmonicToKeep="1"
          PhaseScale="1" PhaseShift="0" EvenOddRatio="0.5" EvenOddPhaseShift="0"
          StereoPhaseShift="0" EvenOddStereoPhaseShift="0"/>
    <Osc4 PatchFormat="1" Level="-3.7" Tune="-12" PitchModulationDepth="1"
          StartPhase="0" AudioFileRelativePath="Samples\SingleCycle\Classic\Square.flac"
          Mute="0" LevelByKey="0" LevelByVel="0" Pan="0" MidSideRatio="0.5"
          StartPhaseByKey="0" StartPhaseByVel="0" TimeReverse="0" PolarityInvert="0"
          FullWavePhaseWarp="0" HalfWavePhaseWarp="0" CombHarmonic="1"
          CombAmount="0" DetuneHz="0" StereoDetuneSemitones="0" StereoDetuneHz="0"
          SpectralContrast="1" SpectralSlope="0" HighestHarmonicToKeep="1024"
          LowestHarmonicToKeep="1" PhaseScale="1" PhaseShift="0" EvenOddRatio="0.5"
          EvenOddPhaseShift="0" StereoPhaseShift="0" EvenOddStereoPhaseShift="0"/>
  </OscSection>
  <Filter PatchFormat="1" Frequency="2980.28899" FrequencyByKey="100" FrequencyByVel="100"
          Resonance="7" MakeUp="100" Drive="9.26" Order="3" Mode="Moogish Lowpass"
          PreAllpass="20000"/>
  <PitchEnvelope PatchFormat="1" TimeScale="0.154865846" TimeScaleByKey="-67"
                 ScaleFactor="1" Offset="0" TimeScaleByVel="0" Depth="1" DepthByKey="0"
                 DepthByVel="0" SyncMode="0" LoopStartIndex="0" LoopEndIndex="11"
                 LoopMode="Off">
    <Breakpoint Time="0" Level="1" Shape="Smooth" ShapeAmount="1"/>
    <Breakpoint Time="0.03125" Level="1.5" Shape="Smooth" ShapeAmount="1"/>
    <Breakpoint Time="0.0625" Level="0.5" Shape="Smooth" ShapeAmount="1"/>
    <Breakpoint Time="0.09375" Level="1.375" Shape="Smooth" ShapeAmount="1"/>
    <Breakpoint Time="0.125" Level="0.625" Shape="Smooth" ShapeAmount="1"/>
    <Breakpoint Time="0.15625" Level="1.25" Shape="Smooth" ShapeAmount="1"/>
    <Breakpoint Time="0.1875" Level="0.75" Shape="Smooth" ShapeAmount="1"/>
    <Breakpoint Time="0.21875" Level="1.125" Shape="Smooth" ShapeAmount="1"/>
    <Breakpoint Time="0.25" Level="0.875" Shape="Smooth" ShapeAmount="1"/>
    <Breakpoint Time="0.28125" Level="1" Shape="Smooth" ShapeAmount="1"/>
    <Breakpoint Time="0.65625" Level="1" Shape="Smooth" ShapeAmount="1"/>
    <Breakpoint Time="1" Level="1" Shape="Smooth" ShapeAmount="1"/>
  </PitchEnvelope>
  <FilterEnvelope PatchFormat="1" ScaleFactor="1" Offset="0" TimeScale="1" TimeScaleByKey="0"
                  TimeScaleByVel="0" Depth="1" DepthByKey="0" DepthByVel="0" SyncMode="0"
                  LoopStartIndex="2" LoopEndIndex="3" LoopMode="Forward">
    <Breakpoint Time="0" Level="0.193902439" Shape="Analog" ShapeAmount="1"/>
    <Breakpoint Time="0.163486815" Level="0.99787234" Shape="Analog" ShapeAmount="1"/>
    <Breakpoint Time="1" Level="0.5" Shape="Analog" ShapeAmount="1"/>
    <Breakpoint Time="2" Level="0.5" Shape="Analog" ShapeAmount="1"/>
    <Breakpoint Time="3.5" Level="0.157317073" Shape="Analog" ShapeAmount="1"/>
  </FilterEnvelope>
  <AmpEnvelope PatchFormat="1" TimeScaleByKey="-25" ScaleFactor="1" Offset="0"
               TimeScale="1" TimeScaleByVel="0" Depth="1" DepthByKey="0" DepthByVel="0"
               SyncMode="0" LoopStartIndex="4" LoopEndIndex="5" LoopMode="Forward">
    <Breakpoint Time="0" Level="0" Shape="Analog" ShapeAmount="1"/>
    <Breakpoint Time="0.00282187992" Level="1.00609756" Shape="Analog" ShapeAmount="1"/>
    <Breakpoint Time="0.0377688012" Level="0.647560976" Shape="Sigmoid" ShapeAmount="1"/>
    <Breakpoint Time="0.077647008" Level="0.998780488" Shape="Sigmoid" ShapeAmount="1"/>
    <Breakpoint Time="1" Level="0.6" Shape="Analog" ShapeAmount="1"/>
    <Breakpoint Time="2" Level="0.6" Shape="Analog" ShapeAmount="1"/>
    <Breakpoint Time="2.05791861" Level="0.0373170732" Shape="Sigmoid" ShapeAmount="1.22"/>
    <Breakpoint Time="4" Level="0" Shape="Analog" ShapeAmount="1.708"/>
  </AmpEnvelope>
</Straightliner>
