<?xml version="1.0" encoding="UTF-8"?>

<Straightliner PatchFormat="1" MasterLevel="-15.9130435" VoiceLevelByKey="-8.18181818"
               VoiceLevelByVel="4" GlideTime="50" MasterTuneA4="440" PitchWheelRange="12"
               NumVoices="8" MasterLevelByVoices="0" MidSideRatio="0.5" GlideIsOn="0">
  <OscSection PatchFormat="1">
    <Osc1 PatchFormat="1" AudioFileRelativePath="Samples\SingleCycle\GapsAtPrimeMultiples\1GapSeries\GAPM_03.flac"
          Mute="0" Level="-0.32" LevelByKey="0" LevelByVel="0" Pan="0"
          MidSideRatio="0.25" StartPhase="0" StartPhaseByKey="0" StartPhaseByVel="0"
          TimeReverse="0" PolarityInvert="0" FullWavePhaseWarp="0" HalfWavePhaseWarp="0"
          Tune="7.01955001" DetuneHz="0" StereoDetuneSemitones="0" StereoDetuneHz="4"
          PitchModulationDepth="1.2972973" SpectralContrast="1" SpectralSlope="0"
          HighestHarmonicToKeep="1024" LowestHarmonicToKeep="2" EvenOddRatio="0.9"
          EvenOddPhaseShift="0" StereoPhaseShift="0" EvenOddStereoPhaseShift="90"/>
    <Osc2 PatchFormat="1" AudioFileRelativePath="Samples\SingleCycle\HarmonicsAtDistance\HAD_d04s03.flac"
          Mute="0" Level="1.62" LevelByKey="0" LevelByVel="0" Pan="0" MidSideRatio="0.25"
          StartPhase="0" StartPhaseByKey="0" StartPhaseByVel="0" TimeReverse="0"
          PolarityInvert="0" FullWavePhaseWarp="0" HalfWavePhaseWarp="0"
          Tune="0" DetuneHz="0" StereoDetuneSemitones="0" StereoDetuneHz="-3"
          PitchModulationDepth="1" SpectralContrast="1" SpectralSlope="0"
          HighestHarmonicToKeep="1024" LowestHarmonicToKeep="1" EvenOddRatio="0.5"
          EvenOddPhaseShift="0" StereoPhaseShift="0" EvenOddStereoPhaseShift="-90"/>
    <Osc3 PatchFormat="1" AudioFileRelativePath="Samples\SingleCycle\OctavesOfPrimeMultiples\SinOPM_h07.flac"
          Mute="0" Level="-1.62" LevelByKey="0" LevelByVel="0" Pan="0"
          MidSideRatio="0.5" StartPhase="0" StartPhaseByKey="0" StartPhaseByVel="0"
          TimeReverse="0" PolarityInvert="0" FullWavePhaseWarp="0" HalfWavePhaseWarp="0"
          Tune="0" DetuneHz="0" StereoDetuneSemitones="0" StereoDetuneHz="0"
          PitchModulationDepth="-1" SpectralContrast="1" SpectralSlope="0"
          HighestHarmonicToKeep="1024" LowestHarmonicToKeep="1" EvenOddRatio="0.85"
          EvenOddPhaseShift="0" StereoPhaseShift="0" EvenOddStereoPhaseShift="40"/>
    <Osc4 PatchFormat="1" AudioFileRelativePath="Samples\SingleCycle\Classic\Saw.flac"
          Mute="0" Level="6.16216216" LevelByKey="0" LevelByVel="0" Pan="0"
          MidSideRatio="0.5" StartPhase="0" StartPhaseByKey="0" StartPhaseByVel="0"
          TimeReverse="0" PolarityInvert="0" FullWavePhaseWarp="0" HalfWavePhaseWarp="0"
          Tune="0" DetuneHz="0" StereoDetuneSemitones="0" StereoDetuneHz="0"
          PitchModulationDepth="0" SpectralContrast="1" SpectralSlope="1.46511628"
          HighestHarmonicToKeep="1024" LowestHarmonicToKeep="1" EvenOddRatio="0.6"
          EvenOddPhaseShift="0" StereoPhaseShift="0" EvenOddStereoPhaseShift="-45"/>
  </OscSection>
  <Filter PatchFormat="1" Mode="Lowpass 12 dB/oct" Frequency="1004.19348"
          FrequencyByKey="66.6666667" FrequencyByVel="0" Q="0.707106781"
          TwoStages="1"/>
  <PitchEnvelope PatchFormat="1" ScaleFactor="1" Offset="0" TimeScale="1" TimeScaleByKey="0"
                 TimeScaleByVel="0" Depth="0.02" DepthByKey="0" DepthByVel="0"
                 SyncMode="1" LoopStartIndex="0" LoopEndIndex="3" LoopMode="Forward">
    <Breakpoint Time="0" Level="1" Shape="Analog" ShapeAmount="1"/>
    <Breakpoint Time="0.125" Level="1.25" Shape="Sine 1" ShapeAmount="1"/>
    <Breakpoint Time="0.375" Level="0.75" Shape="Smooth" ShapeAmount="1"/>
    <Breakpoint Time="0.5" Level="1" Shape="Sine 2" ShapeAmount="1"/>
    <Breakpoint Time="2.5836177" Level="1" Shape="Analog" ShapeAmount="1"/>
  </PitchEnvelope>
  <FilterEnvelope PatchFormat="1" ScaleFactor="1" Offset="0" TimeScale="0.180150271"
                  TimeScaleByKey="-25" TimeScaleByVel="0" Depth="1.39488636" DepthByKey="37"
                  DepthByVel="50" SyncMode="0" LoopStartIndex="2" LoopEndIndex="3"
                  LoopMode="Forward">
    <Breakpoint Time="0" Level="1" Shape="Analog" ShapeAmount="1"/>
    <Breakpoint Time="0.125" Level="2" Shape="Analog" ShapeAmount="1"/>
    <Breakpoint Time="0.375" Level="1" Shape="Analog" ShapeAmount="1"/>
    <Breakpoint Time="1" Level="1" Shape="Analog" ShapeAmount="1"/>
    <Breakpoint Time="1.09378409" Level="1" Shape="Analog" ShapeAmount="1"/>
  </FilterEnvelope>
  <AmpEnvelope PatchFormat="1" ScaleFactor="1" Offset="0" TimeScale="0.702665071"
               TimeScaleByKey="-10" TimeScaleByVel="0" Depth="1" DepthByKey="0"
               DepthByVel="0" SyncMode="0" LoopStartIndex="2" LoopEndIndex="3"
               LoopMode="Forward">
    <Breakpoint Time="0" Level="0" Shape="Analog" ShapeAmount="1"/>
    <Breakpoint Time="0.125" Level="1" Shape="Smooth" ShapeAmount="1"/>
    <Breakpoint Time="0.313237579" Level="1" Shape="Smooth" ShapeAmount="1"/>
    <Breakpoint Time="1" Level="1" Shape="Analog" ShapeAmount="1"/>
    <Breakpoint Time="1.125" Level="0.125" Shape="Smooth" ShapeAmount="1"/>
    <Breakpoint Time="2" Level="0" Shape="Analog" ShapeAmount="1.734"/>
  </AmpEnvelope>
</Straightliner>
