<?xml version="1.0" encoding="UTF-8"?>

<Straightliner PatchFormat="1" MasterLevel="-14.18" VoiceLevelByKey="-8" VoiceLevelByVel="4"
               NumVoices="8" MasterLevelByVoices="0" MidSideRatio="0.5" MasterTuneA4="440"
               PitchWheelRange="12" GlideIsOn="0" GlideTime="50">
  <OscSection PatchFormat="1">
    <Osc1 PatchFormat="1" Level="-4.89" MidSide="0" StereoDetune="0.1"
          StereoDetuneHz="0.2" StartPhase="0" AudioFileRelativePath="Samples\SingleCycle\PhaseModulation\SineCarrierSineModulator\SinSinPM_c2m1i4.flac"
          Mute="0" LevelByKey="0" LevelByVel="0" Pan="0" MidSideRatio="0"
          StartPhaseByKey="0" StartPhaseByVel="0" TimeReverse="0" PolarityInvert="0"
          FullWavePhaseWarp="0" HalfWavePhaseWarp="0" CombHarmonic="1"
          CombAmount="0" Tune="0" DetuneHz="0" StereoDetuneSemitones="0.1"
          PitchModulationDepth="0" SpectralContrast="1" SpectralSlope="0"
          HighestHarmonicToKeep="1024" LowestHarmonicToKeep="1" PhaseScale="1"
          PhaseShift="0" EvenOddRatio="0.5" EvenOddPhaseShift="0" StereoPhaseShift="0"
          EvenOddStereoPhaseShift="0"/>
    <Osc2 PatchFormat="1" Level="-15" Pan="-0.3" Tune="12.05" DetuneHz="2"
          StereoDetune="-0.1" StereoDetuneHz="-0.1" StartPhase="0" AudioFileRelativePath="Samples\SingleCycle\PhaseModulation\SineCarrierSineModulator\SinSinPM_c1m1i3.flac"
          Mute="0" LevelByKey="0" LevelByVel="0" MidSideRatio="0.5" StartPhaseByKey="0"
          StartPhaseByVel="0" TimeReverse="0" PolarityInvert="0" FullWavePhaseWarp="0"
          HalfWavePhaseWarp="0" CombHarmonic="1" CombAmount="0" StereoDetuneSemitones="-0.1"
          PitchModulationDepth="0" SpectralContrast="1" SpectralSlope="0"
          HighestHarmonicToKeep="1024" LowestHarmonicToKeep="1" PhaseScale="1"
          PhaseShift="0" EvenOddRatio="0.5" EvenOddPhaseShift="0" StereoPhaseShift="0"
          EvenOddStereoPhaseShift="0"/>
    <Osc3 PatchFormat="1" Level="-1.78" Tune="-12" StartPhase="0" SpectralSlope="-2.37"
          EvenOddStereoPhaseShift="90" AudioFileRelativePath="Samples\SingleCycle\Classic\Square.flac"
          Mute="0" LevelByKey="0" LevelByVel="0" Pan="0" MidSideRatio="0.5"
          StartPhaseByKey="0" StartPhaseByVel="0" TimeReverse="0" PolarityInvert="0"
          FullWavePhaseWarp="0" HalfWavePhaseWarp="0" CombHarmonic="1"
          CombAmount="0" DetuneHz="0" StereoDetuneSemitones="0" StereoDetuneHz="0"
          PitchModulationDepth="0" SpectralContrast="1" HighestHarmonicToKeep="1024"
          LowestHarmonicToKeep="1" PhaseScale="1" PhaseShift="0" EvenOddRatio="0.5"
          EvenOddPhaseShift="0" StereoPhaseShift="0"/>
    <Osc4 PatchFormat="1" Level="-15" Pan="0.3" Tune="11.95" DetuneHz="-2"
          StereoDetune="0.1" StereoDetuneHz="-0.1" StartPhase="0" AudioFileRelativePath="Samples\SingleCycle\PhaseModulation\SineCarrierSineModulator\SinSinPM_c1m1i3.flac"
          Mute="0" LevelByKey="0" LevelByVel="0" MidSideRatio="0.5" StartPhaseByKey="0"
          StartPhaseByVel="0" TimeReverse="0" PolarityInvert="0" FullWavePhaseWarp="0"
          HalfWavePhaseWarp="0" CombHarmonic="1" CombAmount="0" StereoDetuneSemitones="0.1"
          PitchModulationDepth="0" SpectralContrast="1" SpectralSlope="0"
          HighestHarmonicToKeep="1024" LowestHarmonicToKeep="1" PhaseScale="1"
          PhaseShift="0" EvenOddRatio="0.5" EvenOddPhaseShift="0" StereoPhaseShift="0"
          EvenOddStereoPhaseShift="0"/>
  </OscSection>
  <Filter PatchFormat="1" Frequency="266.704286" FrequencyByKey="28.1"
          FrequencyByVel="45.6" Resonance="9.2" MakeUp="100" Drive="6"
          Order="3" Mode="Moogish Lowpass" PreAllpass="20000"/>
  <PitchEnvelope PatchFormat="1" TimeScale="0.0625" TimeScaleByKey="-100" Depth="0"
                 ScaleFactor="1" Offset="0" TimeScaleByVel="0" DepthByKey="0"
                 DepthByVel="0" SyncMode="0" LoopStartIndex="0" LoopEndIndex="1"
                 LoopMode="Off">
    <Breakpoint Time="0" Level="1" Shape="Analog" ShapeAmount="1"/>
    <Breakpoint Time="1" Level="1" Shape="Analog" ShapeAmount="1"/>
  </PitchEnvelope>
  <FilterEnvelope PatchFormat="1" TimeScale="0.549565611" Depth="1.57" DepthByVel="55"
                  ScaleFactor="1" Offset="0" TimeScaleByKey="0" TimeScaleByVel="0"
                  DepthByKey="0" SyncMode="0" LoopStartIndex="1" LoopEndIndex="2"
                  LoopMode="Forward">
    <Breakpoint Time="0" Level="2" Shape="Analog" ShapeAmount="1"/>
    <Breakpoint Time="0.4" Level="1" Shape="Analog" ShapeAmount="1"/>
    <Breakpoint Time="1" Level="1" Shape="Analog" ShapeAmount="1"/>
    <Breakpoint Time="1.18090909" Level="0.582608696" Shape="Analog" ShapeAmount="1"/>
  </FilterEnvelope>
  <AmpEnvelope PatchFormat="1" TimeScale="1.13431252" ScaleFactor="1" Offset="0"
               TimeScaleByKey="0" TimeScaleByVel="0" Depth="1" DepthByKey="0"
               DepthByVel="0" SyncMode="0" LoopStartIndex="3" LoopEndIndex="4"
               LoopMode="Forward">
    <Breakpoint Time="0" Level="0" Shape="Analog" ShapeAmount="1"/>
    <Breakpoint Time="0.01" Level="-0" Shape="Analog" ShapeAmount="1"/>
    <Breakpoint Time="0.03125" Level="1" Shape="Analog" ShapeAmount="1"/>
    <Breakpoint Time="1" Level="0.25" Shape="Analog" ShapeAmount="1"/>
    <Breakpoint Time="2" Level="0.25" Shape="Analog" ShapeAmount="1"/>
    <Breakpoint Time="2.25" Level="0" Shape="Analog" ShapeAmount="1"/>
  </AmpEnvelope>
</Straightliner>
