<?xml version="1.0" encoding="UTF-8"?>

<Straightliner PatchFormat="1" MasterLevel="-15" VoiceLevelByKey="-8.45625"
               GlideTime="50" MasterTuneA4="440" PitchWheelRange="12" NumVoices="8"
               VoiceLevelByVel="0" MasterLevelByVoices="0" MidSideRatio="0.5"
               GlideIsOn="0">
  <OscSection PatchFormat="1">
    <Osc1 PatchFormat="1" AudioFileRelativePath="Samples\SingleCycle\ApproximatedEqualTemperament\ET13_PO3_MD003.8286.flac"
          Mute="0" Level="0" LevelByKey="0" LevelByVel="0" Pan="0" MidSideRatio="0.5"
          StartPhase="0" StartPhaseByKey="0" StartPhaseByVel="0" TimeReverse="0"
          PolarityInvert="0" FullWavePhaseWarp="0" HalfWavePhaseWarp="0"
          Tune="0" DetuneHz="0" StereoDetuneSemitones="0" StereoDetuneHz="0"
          PitchModulationDepth="1" SpectralContrast="1" SpectralSlope="0"
          HighestHarmonicToKeep="1024" LowestHarmonicToKeep="1" EvenOddRatio="0.5"
          EvenOddPhaseShift="0" StereoPhaseShift="0" EvenOddStereoPhaseShift="90"/>
    <Osc2 PatchFormat="1" AudioFileRelativePath="Samples\SingleCycle\ApproximatedEqualTemperament\ET13_PO3_MD005.6944.flac"
          Mute="0" Level="-8.11" LevelByKey="0" LevelByVel="0" Pan="0"
          MidSideRatio="0.5" StartPhase="0" StartPhaseByKey="0" StartPhaseByVel="0"
          TimeReverse="0" PolarityInvert="0" FullWavePhaseWarp="0" HalfWavePhaseWarp="0"
          Tune="19.01955" DetuneHz="0" StereoDetuneSemitones="0.2" StereoDetuneHz="0"
          PitchModulationDepth="0" SpectralContrast="1" SpectralSlope="0"
          HighestHarmonicToKeep="1024" LowestHarmonicToKeep="1" EvenOddRatio="0.5"
          EvenOddPhaseShift="0" StereoPhaseShift="0" EvenOddStereoPhaseShift="0"/>
    <Osc3 PatchFormat="1" AudioFileRelativePath="Samples\SingleCycle\Classic\Saw.flac"
          Mute="1" Level="0" LevelByKey="0" LevelByVel="0" Pan="0" MidSideRatio="0.5"
          StartPhase="0" StartPhaseByKey="0" StartPhaseByVel="0" TimeReverse="0"
          PolarityInvert="0" FullWavePhaseWarp="0" HalfWavePhaseWarp="0"
          Tune="0" DetuneHz="0" StereoDetuneSemitones="0" StereoDetuneHz="0"
          PitchModulationDepth="0" SpectralContrast="1" SpectralSlope="0"
          HighestHarmonicToKeep="1024" LowestHarmonicToKeep="1" EvenOddRatio="0.5"
          EvenOddPhaseShift="0" StereoPhaseShift="0" EvenOddStereoPhaseShift="0"/>
    <Osc4 PatchFormat="1" AudioFileRelativePath="Samples\SingleCycle\Classic\Saw.flac"
          Mute="1" Level="0" LevelByKey="0" LevelByVel="0" Pan="0" MidSideRatio="0.5"
          StartPhase="0" StartPhaseByKey="0" StartPhaseByVel="0" TimeReverse="0"
          PolarityInvert="0" FullWavePhaseWarp="0" HalfWavePhaseWarp="0"
          Tune="0" DetuneHz="0" StereoDetuneSemitones="0" StereoDetuneHz="0"
          PitchModulationDepth="0" SpectralContrast="1" SpectralSlope="0"
          HighestHarmonicToKeep="1024" LowestHarmonicToKeep="1" EvenOddRatio="0.5"
          EvenOddPhaseShift="0" StereoPhaseShift="0" EvenOddStereoPhaseShift="0"/>
  </OscSection>
  <Filter PatchFormat="1" Mode="Lowpass 6 dB/oct" Frequency="2563.23613"
          FrequencyByKey="100" FrequencyByVel="0" TwoStages="0"/>
  <PitchEnvelope PatchFormat="1" ScaleFactor="1" Offset="0" TimeScale="0.25" TimeScaleByKey="0"
                 TimeScaleByVel="0" Depth="0.03" DepthByKey="0" DepthByVel="0"
                 SyncMode="1" LoopStartIndex="0" LoopEndIndex="3" LoopMode="Forward">
    <Breakpoint Time="0" Level="1" Shape="Analog" ShapeAmount="1"/>
    <Breakpoint Time="0.25" Level="1.25" Shape="Sine 1" ShapeAmount="1"/>
    <Breakpoint Time="0.75" Level="0.75" Shape="Smooth" ShapeAmount="1"/>
    <Breakpoint Time="1" Level="1" Shape="Sine 2" ShapeAmount="1"/>
    <Breakpoint Time="2.5836177" Level="1" Shape="Analog" ShapeAmount="1"/>
  </PitchEnvelope>
  <FilterEnvelope PatchFormat="1" ScaleFactor="1" Offset="0" TimeScale="4.77183929"
                  TimeScaleByKey="0" TimeScaleByVel="0" Depth="4" DepthByKey="0"
                  DepthByVel="0" SyncMode="0" LoopStartIndex="1" LoopEndIndex="2"
                  LoopMode="Forward">
    <Breakpoint Time="0" Level="2" Shape="Analog" ShapeAmount="1"/>
    <Breakpoint Time="0.4" Level="1" Shape="Analog" ShapeAmount="1"/>
    <Breakpoint Time="1" Level="1" Shape="Analog" ShapeAmount="1"/>
    <Breakpoint Time="1.2" Level="0" Shape="Analog" ShapeAmount="1"/>
  </FilterEnvelope>
  <AmpEnvelope PatchFormat="1" ScaleFactor="1" Offset="0" TimeScale="1.96199136"
               TimeScaleByKey="0" TimeScaleByVel="0" Depth="1" DepthByKey="0"
               DepthByVel="0" SyncMode="0" LoopStartIndex="3" LoopEndIndex="4"
               LoopMode="Forward">
    <Breakpoint Time="0" Level="0" Shape="Analog" ShapeAmount="1"/>
    <Breakpoint Time="0.01" Level="-0" Shape="Analog" ShapeAmount="1"/>
    <Breakpoint Time="0.230935252" Level="1" Shape="Analog" ShapeAmount="1"/>
    <Breakpoint Time="1" Level="0.5" Shape="Analog" ShapeAmount="1"/>
    <Breakpoint Time="2" Level="0.5" Shape="Analog" ShapeAmount="1"/>
    <Breakpoint Time="3" Level="0" Shape="Analog" ShapeAmount="1"/>
  </AmpEnvelope>
</Straightliner>
