<?xml version="1.0" encoding="UTF-8"?>

<Straightliner PatchFormat="1" MasterLevel="-9.5" VoiceLevelByKey="-13.26875"
               VoiceLevelByVel="3.8" MasterLevelByVoices="50" NumVoices="12"
               MidSideRatio="0.5" MasterTuneA4="440" PitchWheelRange="12" GlideIsOn="0"
               GlideTime="50">
  <OscSection PatchFormat="1">
    <Osc1 PatchFormat="1" Level="-3" Pan="-0.297" Tune="-12.1" DetuneHz="-0.4"
          StereoDetune="0.2" StartPhase="0" AudioFileRelativePath="Samples\SingleCycle\AcousticInstruments\Piano1_CycSte.flac"
          Mute="0" LevelByKey="0" LevelByVel="0" MidSideRatio="0.5" StartPhaseByKey="0"
          StartPhaseByVel="0" TimeReverse="0" PolarityInvert="0" FullWavePhaseWarp="0"
          HalfWavePhaseWarp="0" CombHarmonic="1" CombAmount="0" StereoDetuneSemitones="0.2"
          StereoDetuneHz="0" PitchModulationDepth="0" SpectralContrast="1"
          SpectralSlope="0" HighestHarmonicToKeep="1024" LowestHarmonicToKeep="1"
          PhaseScale="1" PhaseShift="0" EvenOddRatio="0.5" EvenOddPhaseShift="0"
          StereoPhaseShift="0" EvenOddStereoPhaseShift="0"/>
    <Osc2 PatchFormat="1" Level="-3" Pan="0.297" Tune="-11.9" DetuneHz="0.4"
          StereoDetune="-0.2" StartPhase="0" AudioFileRelativePath="Samples\SingleCycle\AcousticInstruments\Piano1_CycSte.flac"
          Mute="0" LevelByKey="0" LevelByVel="0" MidSideRatio="0.5" StartPhaseByKey="0"
          StartPhaseByVel="0" TimeReverse="0" PolarityInvert="0" FullWavePhaseWarp="0"
          HalfWavePhaseWarp="0" CombHarmonic="1" CombAmount="0" StereoDetuneSemitones="-0.2"
          StereoDetuneHz="0" PitchModulationDepth="0" SpectralContrast="1"
          SpectralSlope="0" HighestHarmonicToKeep="1024" LowestHarmonicToKeep="1"
          PhaseScale="1" PhaseShift="0" EvenOddRatio="0.5" EvenOddPhaseShift="0"
          StereoPhaseShift="0" EvenOddStereoPhaseShift="0"/>
    <Osc3 PatchFormat="1" Level="-1.33" StartPhase="0" SpectralSlope="-1.58"
          StereoPhaseShift="-90" AudioFileRelativePath="Samples\SingleCycle\Randomish\RandomishSeed003.flac"
          Mute="0" LevelByKey="0" LevelByVel="0" Pan="0" MidSideRatio="0.5"
          StartPhaseByKey="0" StartPhaseByVel="0" TimeReverse="0" PolarityInvert="0"
          FullWavePhaseWarp="0" HalfWavePhaseWarp="0" CombHarmonic="1"
          CombAmount="0" Tune="0" DetuneHz="0" StereoDetuneSemitones="0"
          StereoDetuneHz="0" PitchModulationDepth="0" SpectralContrast="1"
          HighestHarmonicToKeep="1024" LowestHarmonicToKeep="1" PhaseScale="1"
          PhaseShift="0" EvenOddRatio="0.5" EvenOddPhaseShift="0" EvenOddStereoPhaseShift="0"/>
    <Osc4 PatchFormat="1" Level="-6.22" Tune="-12" StartPhase="0" StereoPhaseShift="90"
          AudioFileRelativePath="Samples\SingleCycle\OctavesOfPrimeMultiples\SinOPM_h03.flac"
          Mute="0" LevelByKey="0" LevelByVel="0" Pan="0" MidSideRatio="0.5"
          StartPhaseByKey="0" StartPhaseByVel="0" TimeReverse="0" PolarityInvert="0"
          FullWavePhaseWarp="0" HalfWavePhaseWarp="0" CombHarmonic="1"
          CombAmount="0" DetuneHz="0" StereoDetuneSemitones="0" StereoDetuneHz="0"
          PitchModulationDepth="0" SpectralContrast="1" SpectralSlope="0"
          HighestHarmonicToKeep="1024" LowestHarmonicToKeep="1" PhaseScale="1"
          PhaseShift="0" EvenOddRatio="0.5" EvenOddPhaseShift="0" EvenOddStereoPhaseShift="0"/>
  </OscSection>
  <Filter PatchFormat="1" Frequency="552.045504" FrequencyByKey="53.6"
          FrequencyByVel="82.1" Resonance="0" Q="0.707" MakeUp="100" Mode="Lowpass 12 dB/oct"
          TwoStages="0"/>
  <PitchEnvelope PatchFormat="1" ScaleFactor="1" Offset="0" TimeScale="1" TimeScaleByKey="0"
                 TimeScaleByVel="0" Depth="1" DepthByKey="0" DepthByVel="0" SyncMode="0"
                 LoopStartIndex="0" LoopEndIndex="1" LoopMode="Off">
    <Breakpoint Time="0" Level="1" Shape="Analog" ShapeAmount="1"/>
    <Breakpoint Time="1" Level="1" Shape="Analog" ShapeAmount="1"/>
  </PitchEnvelope>
  <FilterEnvelope PatchFormat="1" TimeScale="2.82842712" TimeScaleByKey="-35" Depth="4"
                  DepthByVel="21" ScaleFactor="1" Offset="0" TimeScaleByVel="0"
                  DepthByKey="0" SyncMode="0" LoopStartIndex="1" LoopEndIndex="2"
                  LoopMode="Forward">
    <Breakpoint Time="0" Level="2" Shape="Analog" ShapeAmount="1"/>
    <Breakpoint Time="0.4" Level="1" Shape="Analog" ShapeAmount="1"/>
    <Breakpoint Time="1" Level="1" Shape="Analog" ShapeAmount="1"/>
    <Breakpoint Time="1.40962296" Level="0.517391304" Shape="Analog" ShapeAmount="1"/>
  </FilterEnvelope>
  <AmpEnvelope PatchFormat="1" TimeScaleByKey="-25" ScaleFactor="1" Offset="0"
               TimeScale="1" TimeScaleByVel="0" Depth="1" DepthByKey="0" DepthByVel="0"
               SyncMode="0" LoopStartIndex="2" LoopEndIndex="3" LoopMode="Forward">
    <Breakpoint Time="0" Level="0" Shape="Analog" ShapeAmount="1"/>
    <Breakpoint Time="0.0078125" Level="1" Shape="Analog" ShapeAmount="1"/>
    <Breakpoint Time="1" Level="0.375" Shape="Analog" ShapeAmount="1"/>
    <Breakpoint Time="2" Level="0.375" Shape="Analog" ShapeAmount="1"/>
    <Breakpoint Time="3" Level="0" Shape="Analog" ShapeAmount="1"/>
  </AmpEnvelope>
</Straightliner>
