<?xml version="1.0" encoding="UTF-8"?>

<Straightliner PatchFormat="1" MasterLevel="-5.5" VoiceLevelByKey="-8.18181818"
               VoiceLevelByVel="2.45454545" NumVoices="8" MasterLevelByVoices="0"
               MidSideRatio="0.5" MasterTuneA4="440" PitchWheelRange="12" GlideIsOn="0"
               GlideTime="50">
  <OscSection PatchFormat="1">
    <Osc1 PatchFormat="1" Level="-8.76" StartPhase="96" SpectralSlope="1.94"
          LowestHarmonic="4" StereoPhaseShift="-21" AudioFileRelativePath="Samples\SingleCycle\PolyadicHarmonicSeries\Dyadic\DyadicSeries_07_11.flac"
          Mute="0" LevelByKey="0" LevelByVel="0" Pan="0" MidSideRatio="0.5"
          StartPhaseByKey="0" StartPhaseByVel="0" TimeReverse="0" PolarityInvert="0"
          FullWavePhaseWarp="0" HalfWavePhaseWarp="0" CombHarmonic="1"
          CombAmount="0" Tune="0" DetuneHz="0" StereoDetuneSemitones="0"
          StereoDetuneHz="0" PitchModulationDepth="0" SpectralContrast="1"
          HighestHarmonicToKeep="1024" LowestHarmonicToKeep="4" PhaseScale="1"
          PhaseShift="0" EvenOddRatio="0.5" EvenOddPhaseShift="0" EvenOddStereoPhaseShift="0"/>
    <Osc2 PatchFormat="1" Level="-12" Tune="9.68825906" StartPhase="0"
          LowestHarmonic="5" AudioFileRelativePath="Samples\SingleCycle\PolyadicHarmonicSeries\Dyadic\DyadicSeries_07_17.flac"
          Mute="1" LevelByKey="0" LevelByVel="0" Pan="0" MidSideRatio="0.5"
          StartPhaseByKey="0" StartPhaseByVel="0" TimeReverse="0" PolarityInvert="0"
          FullWavePhaseWarp="0" HalfWavePhaseWarp="0" CombHarmonic="1"
          CombAmount="0" DetuneHz="0" StereoDetuneSemitones="0" StereoDetuneHz="0"
          PitchModulationDepth="0" SpectralContrast="1" SpectralSlope="0"
          HighestHarmonicToKeep="1024" LowestHarmonicToKeep="5" PhaseScale="1"
          PhaseShift="0" EvenOddRatio="0.5" EvenOddPhaseShift="0" StereoPhaseShift="0"
          EvenOddStereoPhaseShift="0"/>
    <Osc3 PatchFormat="1" Level="-6.02" DetuneHz="-0.2" StereoDetune="-0.1"
          StartPhase="90" EvenOddRatio="0.95" StereoPhaseShift="-40" AudioFileRelativePath="Samples\SingleCycle\Classic\Saw.flac"
          Mute="0" LevelByKey="0" LevelByVel="0" Pan="0" MidSideRatio="0.5"
          StartPhaseByKey="0" StartPhaseByVel="0" TimeReverse="0" PolarityInvert="0"
          FullWavePhaseWarp="0" HalfWavePhaseWarp="0" CombHarmonic="1"
          CombAmount="0" Tune="0" StereoDetuneSemitones="-0.1" StereoDetuneHz="0"
          PitchModulationDepth="0" SpectralContrast="1" SpectralSlope="0"
          HighestHarmonicToKeep="1024" LowestHarmonicToKeep="1" PhaseScale="1"
          PhaseShift="0" EvenOddPhaseShift="0" EvenOddStereoPhaseShift="0"/>
    <Osc4 PatchFormat="1" Level="-6.02" DetuneHz="0.2" StereoDetune="0.1"
          StartPhase="90" EvenOddRatio="0.95" StereoPhaseShift="40" AudioFileRelativePath="Samples\SingleCycle\Classic\Saw.flac"
          Mute="0" LevelByKey="0" LevelByVel="0" Pan="0" MidSideRatio="0.5"
          StartPhaseByKey="0" StartPhaseByVel="0" TimeReverse="0" PolarityInvert="0"
          FullWavePhaseWarp="0" HalfWavePhaseWarp="0" CombHarmonic="1"
          CombAmount="0" Tune="0" StereoDetuneSemitones="0.1" StereoDetuneHz="0"
          PitchModulationDepth="0" SpectralContrast="1" SpectralSlope="0"
          HighestHarmonicToKeep="1024" LowestHarmonicToKeep="1" PhaseScale="1"
          PhaseShift="0" EvenOddPhaseShift="0" EvenOddStereoPhaseShift="0"/>
  </OscSection>
  <Filter PatchFormat="1" Frequency="826.816826" FrequencyByKey="75" FrequencyByVel="98.245614"
          Resonance="0" MakeUp="100" Mode="Lowpass 6 dB/oct" TwoStages="1"/>
  <PitchEnvelope PatchFormat="1" ScaleFactor="1" Offset="0" TimeScale="1" TimeScaleByKey="0"
                 TimeScaleByVel="0" Depth="1" DepthByKey="0" DepthByVel="0" SyncMode="0"
                 LoopStartIndex="2" LoopEndIndex="3" LoopMode="Forward">
    <Breakpoint Time="0" Level="0" Shape="Analog" ShapeAmount="1"/>
    <Breakpoint Time="0.5" Level="1" Shape="Analog" ShapeAmount="1"/>
    <Breakpoint Time="1" Level="0.5" Shape="Analog" ShapeAmount="1"/>
    <Breakpoint Time="2" Level="0.5" Shape="Analog" ShapeAmount="1"/>
    <Breakpoint Time="3" Level="0" Shape="Analog" ShapeAmount="1"/>
  </PitchEnvelope>
  <FilterEnvelope PatchFormat="1" TimeScale="0.82775328" TimeScaleByKey="-25" Depth="1.67272727"
                  DepthByKey="14" DepthByVel="47" ScaleFactor="1" Offset="0" TimeScaleByVel="0"
                  SyncMode="0" LoopStartIndex="2" LoopEndIndex="3" LoopMode="Forward">
    <Breakpoint Time="0" Level="4" Shape="Analog" ShapeAmount="1"/>
    <Breakpoint Time="0.0625" Level="2.5" Shape="Analog" ShapeAmount="0.901"/>
    <Breakpoint Time="0.5" Level="1" Shape="Analog" ShapeAmount="1.874"/>
    <Breakpoint Time="1" Level="1" Shape="Analog" ShapeAmount="1"/>
    <Breakpoint Time="1.25" Level="1" Shape="Analog" ShapeAmount="1"/>
  </FilterEnvelope>
  <AmpEnvelope PatchFormat="1" TimeScale="1.5" TimeScaleByKey="-50" ScaleFactor="1"
               Offset="0" TimeScaleByVel="0" Depth="1" DepthByKey="0" DepthByVel="0"
               SyncMode="0" LoopStartIndex="0" LoopEndIndex="2" LoopMode="Off">
    <Breakpoint Time="0" Level="1" Shape="Analog" ShapeAmount="1"/>
    <Breakpoint Time="0.125" Level="0.5" Shape="Analog" ShapeAmount="1.52"/>
    <Breakpoint Time="2" Level="0" Shape="Analog" ShapeAmount="1.52"/>
  </AmpEnvelope>
</Straightliner>
