<?xml version="1.0" encoding="UTF-8"?>

<Straightliner PatchFormat="1" MasterLevel="-7.4" VoiceLevelByKey="-7.9" VoiceLevelByVel="3.54545455"
               NumVoices="8" MasterLevelByVoices="0" MidSideRatio="0.5" MasterTuneA4="440"
               PitchWheelRange="12" GlideIsOn="0" GlideTime="50">
  <OscSection PatchFormat="1">
    <Osc1 PatchFormat="1" Level="-10.67" StereoDetune="0.1" StereoDetuneHz="1"
          PitchModulationDepth="1" StartPhase="167" FullWaveWarp="0.0069609375"
          EvenOddPhaseShift="-65" EvenOddStereoPhaseShift="94" AudioFileRelativePath="Samples\SingleCycle\Classic\SquareRC_k06.flac"
          Mute="0" LevelByKey="0" LevelByVel="0" Pan="0" MidSideRatio="0.5"
          StartPhaseByKey="0" StartPhaseByVel="0" TimeReverse="0" PolarityInvert="0"
          FullWavePhaseWarp="0.0069609375" HalfWavePhaseWarp="0" CombHarmonic="1"
          CombAmount="0" Tune="0" DetuneHz="0" StereoDetuneSemitones="0.1"
          SpectralContrast="1" SpectralSlope="0" HighestHarmonicToKeep="1024"
          LowestHarmonicToKeep="1" PhaseScale="1" PhaseShift="0" EvenOddRatio="0.5"
          StereoPhaseShift="0"/>
    <Osc2 PatchFormat="1" Level="-9.33" StereoDetune="-0.07" StereoDetuneHz="-0.7"
          PitchModulationDepth="1" StartPhase="245" EvenOddPhaseShift="-23"
          StereoPhaseShift="-36" EvenOddStereoPhaseShift="-117" AudioFileRelativePath="Samples\SingleCycle\Classic\SawRC_k06.flac"
          Mute="0" LevelByKey="0" LevelByVel="0" Pan="0" MidSideRatio="0.5"
          StartPhaseByKey="0" StartPhaseByVel="0" TimeReverse="0" PolarityInvert="0"
          FullWavePhaseWarp="0" HalfWavePhaseWarp="0" CombHarmonic="1"
          CombAmount="0" Tune="0" DetuneHz="0" StereoDetuneSemitones="-0.07"
          SpectralContrast="1" SpectralSlope="0" HighestHarmonicToKeep="1024"
          LowestHarmonicToKeep="1" PhaseScale="1" PhaseShift="0" EvenOddRatio="0.5"/>
    <Osc3 PatchFormat="1" Level="-10" StereoDetune="0.23" PitchModulationDepth="-1"
          StartPhase="71" StereoPhaseShift="-38" EvenOddStereoPhaseShift="46"
          AudioFileRelativePath="Samples\SingleCycle\Classic\SawRC_k06.flac"
          Mute="0" LevelByKey="0" LevelByVel="0" Pan="0" MidSideRatio="0.5"
          StartPhaseByKey="0" StartPhaseByVel="0" TimeReverse="0" PolarityInvert="0"
          FullWavePhaseWarp="0" HalfWavePhaseWarp="0" CombHarmonic="1"
          CombAmount="0" Tune="0" DetuneHz="0" StereoDetuneSemitones="0.23"
          StereoDetuneHz="0" SpectralContrast="1" SpectralSlope="0" HighestHarmonicToKeep="1024"
          LowestHarmonicToKeep="1" PhaseScale="1" PhaseShift="0" EvenOddRatio="0.5"
          EvenOddPhaseShift="0"/>
    <Osc4 PatchFormat="1" Level="-8.44" StereoDetune="-0.13" PitchModulationDepth="-1"
          StartPhase="255" StereoPhaseShift="-69" EvenOddStereoPhaseShift="52"
          AudioFileRelativePath="Samples\SingleCycle\Classic\SawRC_k06.flac"
          Mute="0" LevelByKey="0" LevelByVel="0" Pan="0" MidSideRatio="0.5"
          StartPhaseByKey="0" StartPhaseByVel="0" TimeReverse="0" PolarityInvert="0"
          FullWavePhaseWarp="0" HalfWavePhaseWarp="0" CombHarmonic="1"
          CombAmount="0" Tune="0" DetuneHz="0" StereoDetuneSemitones="-0.13"
          StereoDetuneHz="0" SpectralContrast="1" SpectralSlope="0" HighestHarmonicToKeep="1024"
          LowestHarmonicToKeep="1" PhaseScale="1" PhaseShift="0" EvenOddRatio="0.5"
          EvenOddPhaseShift="0"/>
  </OscSection>
  <Filter PatchFormat="1" Frequency="1455.79077" FrequencyByKey="100" FrequencyByVel="105.263158"
          Resonance="7.45614035" Q="14.866" MakeUp="100" Drive="-5.89473684"
          Order="1" Mode="Allpass 2nd order" TwoStages="1"/>
  <PitchEnvelope PatchFormat="1" TimeScale="0.133130136" Depth="0.166761364" DepthByKey="-24"
                 ScaleFactor="1" Offset="0" TimeScaleByKey="0" TimeScaleByVel="0"
                 DepthByVel="0" SyncMode="0" LoopStartIndex="0" LoopEndIndex="2"
                 LoopMode="Forward">
    <Breakpoint Time="0" Level="0.875" Shape="Smooth" ShapeAmount="1"/>
    <Breakpoint Time="0.25" Level="1.125" Shape="Smooth" ShapeAmount="1"/>
    <Breakpoint Time="0.5" Level="0.875" Shape="Smooth" ShapeAmount="1"/>
    <Breakpoint Time="1" Level="1" Shape="Smooth" ShapeAmount="1"/>
  </PitchEnvelope>
  <FilterEnvelope PatchFormat="1" TimeScale="0.180150271" TimeScaleByKey="-20"
                  Depth="2.98181818" DepthByKey="42" ScaleFactor="1" Offset="0"
                  TimeScaleByVel="0" DepthByVel="0" SyncMode="0" LoopStartIndex="0"
                  LoopEndIndex="2" LoopMode="Forward">
    <Breakpoint Time="0" Level="1.125" Shape="Smooth" ShapeAmount="1"/>
    <Breakpoint Time="0.25" Level="0.875" Shape="Smooth" ShapeAmount="1"/>
    <Breakpoint Time="0.5" Level="1.125" Shape="Smooth" ShapeAmount="1"/>
    <Breakpoint Time="1" Level="1" Shape="Smooth" ShapeAmount="1"/>
    <Breakpoint Time="1.61982014" Level="0.421875" Shape="Analog" ShapeAmount="1"/>
  </FilterEnvelope>
  <AmpEnvelope PatchFormat="1" ScaleFactor="1" Offset="0" TimeScale="1" TimeScaleByKey="0"
               TimeScaleByVel="0" Depth="1" DepthByKey="0" DepthByVel="0" SyncMode="0"
               LoopStartIndex="1" LoopEndIndex="2" LoopMode="Forward">
    <Breakpoint Time="0" Level="0" Shape="Analog" ShapeAmount="1"/>
    <Breakpoint Time="0.01" Level="1" Shape="Analog" ShapeAmount="1"/>
    <Breakpoint Time="1" Level="1" Shape="Analog" ShapeAmount="1"/>
    <Breakpoint Time="1.12970403" Level="0.0675" Shape="Analog" ShapeAmount="1"/>
    <Breakpoint Time="2.12373922" Level="0" Shape="Analog" ShapeAmount="1.632"/>
  </AmpEnvelope>
</Straightliner>
