<?xml version="1.0" encoding="UTF-8"?>

<Straightliner PatchFormat="1" MasterLevel="-18.5" VoiceLevelByKey="-13" VoiceLevelByVel="4"
               MidSideRatio="0.42" NumVoices="8" MasterLevelByVoices="0" MasterTuneA4="440"
               PitchWheelRange="12" GlideIsOn="0" GlideTime="50">
  <OscSection PatchFormat="1">
    <Osc1 PatchFormat="1" StartPhase="0" HalfWaveWarp="0.009" CombAmount="-37.2"
          StereoPhaseShift="90" AudioFileRelativePath="Samples\SingleCycle\OctavesOfPrimeMultiples\SinOPM_h01.flac"
          Mute="0" Level="0" LevelByKey="0" LevelByVel="0" Pan="0" MidSideRatio="0.5"
          StartPhaseByKey="0" StartPhaseByVel="0" TimeReverse="0" PolarityInvert="0"
          FullWavePhaseWarp="0" HalfWavePhaseWarp="0.009" CombHarmonic="1"
          Tune="0" DetuneHz="0" StereoDetuneSemitones="0" StereoDetuneHz="0"
          PitchModulationDepth="0" SpectralContrast="1" SpectralSlope="0"
          HighestHarmonicToKeep="1024" LowestHarmonicToKeep="1" PhaseScale="1"
          PhaseShift="0" EvenOddRatio="0.5" EvenOddPhaseShift="0" EvenOddStereoPhaseShift="0"/>
    <Osc2 PatchFormat="1" StereoDetune="0.04" StereoDetuneHz="0.7" StartPhase="0"
          HalfWaveWarp="-0.011" LowestHarmonic="3" AudioFileRelativePath="Samples\SingleCycle\OctavesOfPrimeMultiples\SinOPMAS_h03.flac"
          Mute="0" Level="0" LevelByKey="0" LevelByVel="0" Pan="0" MidSideRatio="0.5"
          StartPhaseByKey="0" StartPhaseByVel="0" TimeReverse="0" PolarityInvert="0"
          FullWavePhaseWarp="0" HalfWavePhaseWarp="-0.011" CombHarmonic="1"
          CombAmount="0" Tune="0" DetuneHz="0" StereoDetuneSemitones="0.04"
          PitchModulationDepth="0" SpectralContrast="1" SpectralSlope="0"
          HighestHarmonicToKeep="1024" LowestHarmonicToKeep="3" PhaseScale="1"
          PhaseShift="0" EvenOddRatio="0.5" EvenOddPhaseShift="0" StereoPhaseShift="0"
          EvenOddStereoPhaseShift="0"/>
    <Osc3 PatchFormat="1" StartPhase="0" AudioFileRelativePath="Samples\SingleCycle\Classic\Saw.flac"
          Mute="1" Level="0" LevelByKey="0" LevelByVel="0" Pan="0" MidSideRatio="0.5"
          StartPhaseByKey="0" StartPhaseByVel="0" TimeReverse="0" PolarityInvert="0"
          FullWavePhaseWarp="0" HalfWavePhaseWarp="0" CombHarmonic="1"
          CombAmount="0" Tune="0" DetuneHz="0" StereoDetuneSemitones="0"
          StereoDetuneHz="0" PitchModulationDepth="0" SpectralContrast="1"
          SpectralSlope="0" HighestHarmonicToKeep="1024" LowestHarmonicToKeep="1"
          PhaseScale="1" PhaseShift="0" EvenOddRatio="0.5" EvenOddPhaseShift="0"
          StereoPhaseShift="0" EvenOddStereoPhaseShift="0"/>
    <Osc4 PatchFormat="1" Level="7.06" Tune="-12" StartPhase="0" SpectralSlope="-4.88"
          LowestHarmonic="2" EvenOddRatio="0.8" StereoPhaseShift="-33"
          AudioFileRelativePath="Samples\SingleCycle\Classic\Saw.flac"
          Mute="0" LevelByKey="0" LevelByVel="0" Pan="0" MidSideRatio="0.5"
          StartPhaseByKey="0" StartPhaseByVel="0" TimeReverse="0" PolarityInvert="0"
          FullWavePhaseWarp="0" HalfWavePhaseWarp="0" CombHarmonic="1"
          CombAmount="0" DetuneHz="0" StereoDetuneSemitones="0" StereoDetuneHz="0"
          PitchModulationDepth="0" SpectralContrast="1" HighestHarmonicToKeep="1024"
          LowestHarmonicToKeep="2" PhaseScale="1" PhaseShift="0" EvenOddPhaseShift="0"
          EvenOddStereoPhaseShift="0"/>
  </OscSection>
  <Filter PatchFormat="1" Frequency="9121.25884" FrequencyByKey="100" FrequencyByVel="11.1"
          Resonance="76.3" MakeUp="100" Order="3" Mode="Moogish Lowpass"
          Drive="0" PreAllpass="20000"/>
  <PitchEnvelope PatchFormat="1" TimeScale="0.114445074" TimeScaleByKey="-100"
                 Depth="1.81818182" DepthByVel="65" ScaleFactor="1" Offset="0"
                 TimeScaleByVel="0" DepthByKey="0" SyncMode="0" LoopStartIndex="0"
                 LoopEndIndex="1" LoopMode="Off">
    <Breakpoint Time="0" Level="1" Shape="Analog" ShapeAmount="1"/>
    <Breakpoint Time="1" Level="1" Shape="Analog" ShapeAmount="1"/>
  </PitchEnvelope>
  <FilterEnvelope PatchFormat="1" TimeScaleByKey="40" TimeScaleByVel="-25" DepthByVel="50"
                  ScaleFactor="1" Offset="0" TimeScale="1" Depth="1" DepthByKey="0"
                  SyncMode="0" LoopStartIndex="1" LoopEndIndex="2" LoopMode="Forward">
    <Breakpoint Time="0" Level="1.25" Shape="Analog" ShapeAmount="1"/>
    <Breakpoint Time="0.0768345324" Level="1" Shape="Analog" ShapeAmount="1"/>
    <Breakpoint Time="1" Level="1" Shape="Analog" ShapeAmount="1"/>
    <Breakpoint Time="1.07654676" Level="1" Shape="Analog" ShapeAmount="1"/>
  </FilterEnvelope>
  <AmpEnvelope PatchFormat="1" ScaleFactor="1" Offset="0" TimeScale="1" TimeScaleByKey="0"
               TimeScaleByVel="0" Depth="1" DepthByKey="0" DepthByVel="0" SyncMode="0"
               LoopStartIndex="1" LoopEndIndex="2" LoopMode="Forward">
    <Breakpoint Time="0" Level="0" Shape="Analog" ShapeAmount="1"/>
    <Breakpoint Time="0.021480518" Level="1" Shape="Analog" ShapeAmount="1"/>
    <Breakpoint Time="1" Level="1" Shape="Analog" ShapeAmount="1"/>
    <Breakpoint Time="1.0557615" Level="0.143292683" Shape="Analog" ShapeAmount="1"/>
    <Breakpoint Time="1.48834532" Level="0" Shape="Analog" ShapeAmount="1"/>
  </AmpEnvelope>
</Straightliner>
