<?xml version="1.0" encoding="UTF-8"?>

<Straightliner Version="1.1" MasterLevel="-10" VoiceLevelByKey="-10" MidSideRatio="0.3"
               GlideTime="62.45" NumVoices="5" VoiceLevelByVel="0" MasterLevelByVoices="0"
               MasterTuneA4="440" PitchWheelRange="12" GlideIsOn="0">
  <OscSection Version="1.0">
    <Osc1 Version="1.0" AudioFileRelativePath="Samples\SingleCycle\Classic\Saw.flac"
          Mute="0" Level="-8.44" LevelByKey="0" LevelByVel="0" Pan="0"
          MidSideRatio="0.5" StartPhase="167" StartPhaseByKey="0" StartPhaseByVel="0"
          TimeReverse="0" PolarityInvert="0" FullWavePhaseWarp="0" HalfWavePhaseWarp="0"
          Tune="-12" DetuneHz="0" StereoDetuneSemitones="0.53" StereoDetuneHz="0"
          SpectralContrast="1" SpectralSlope="0" HighestHarmonicToKeep="1024"
          LowestHarmonicToKeep="1" EvenOddRatio="0.5" EvenOddPhaseShift="-65"
          StereoPhaseShift="0" EvenOddStereoPhaseShift="94"/>
    <Osc2 Version="1.0" AudioFileRelativePath="Samples\SingleCycle\Classic\Saw.flac"
          Mute="0" Level="-10" LevelByKey="0" LevelByVel="0" Pan="0" MidSideRatio="0.5"
          StartPhase="245" StartPhaseByKey="0" StartPhaseByVel="0" TimeReverse="0"
          PolarityInvert="0" FullWavePhaseWarp="0" HalfWavePhaseWarp="0"
          Tune="0" DetuneHz="0" StereoDetuneSemitones="-0.37" StereoDetuneHz="0"
          SpectralContrast="1" SpectralSlope="0" HighestHarmonicToKeep="1024"
          LowestHarmonicToKeep="1" EvenOddRatio="0.5" EvenOddPhaseShift="-23"
          StereoPhaseShift="-36" EvenOddStereoPhaseShift="-117"/>
    <Osc3 Version="1.0" AudioFileRelativePath="Samples\SingleCycle\Classic\Saw.flac"
          Mute="0" Level="-10" LevelByKey="0" LevelByVel="0" Pan="0" MidSideRatio="0.5"
          StartPhase="71" StartPhaseByKey="0" StartPhaseByVel="0" TimeReverse="0"
          PolarityInvert="0" FullWavePhaseWarp="0" HalfWavePhaseWarp="0"
          Tune="0" DetuneHz="0" StereoDetuneSemitones="0.23" StereoDetuneHz="0"
          SpectralContrast="1" SpectralSlope="0" HighestHarmonicToKeep="1024"
          LowestHarmonicToKeep="1" EvenOddRatio="0.5" EvenOddPhaseShift="0"
          StereoPhaseShift="-38" EvenOddStereoPhaseShift="46"/>
    <Osc4 Version="1.0" AudioFileRelativePath="Samples\SingleCycle\Classic\Saw.flac"
          Mute="0" Level="-10.22" LevelByKey="0" LevelByVel="0" Pan="0"
          MidSideRatio="0.5" StartPhase="255" StartPhaseByKey="0" StartPhaseByVel="0"
          TimeReverse="0" PolarityInvert="0" FullWavePhaseWarp="0" HalfWavePhaseWarp="0"
          Tune="12" DetuneHz="0" StereoDetuneSemitones="-0.13" StereoDetuneHz="0"
          SpectralContrast="1" SpectralSlope="0" HighestHarmonicToKeep="1024"
          LowestHarmonicToKeep="1" EvenOddRatio="0.5" EvenOddPhaseShift="0"
          StereoPhaseShift="-69" EvenOddStereoPhaseShift="52"/>
  </OscSection>
  <Filter Version="1.0" Mode="Moogish Lowpass" Frequency="1018.41913" FrequencyByKey="50"
          FrequencyByVel="0" Resonance="16.7" Drive="5.05" Order="2" PreAllpass="20000"
          MakeUp="100"/>
  <FilterEnvelope Version="1.0" ScaleFactor="1" Offset="0" TimeScale="1" TimeScaleByKey="0"
                  TimeScaleByVel="0" Depth="1" DepthByKey="0" DepthByVel="0" SyncMode="1"
                  LoopStartIndex="0" LoopEndIndex="7" LoopMode="Forward">
    <Breakpoint Time="0" Level="0" Shape="Analog" ShapeAmount="1"/>
    <Breakpoint Time="0.015625" Level="1" Shape="Analog" ShapeAmount="1"/>
    <Breakpoint Time="0.258882576" Level="0.134782609" Shape="Analog" ShapeAmount="1"/>
    <Breakpoint Time="0.383601677" Level="0.42826087" Shape="Analog" ShapeAmount="1"/>
    <Breakpoint Time="0.5" Level="0.0369565217" Shape="Analog" ShapeAmount="1"/>
    <Breakpoint Time="0.625" Level="1" Shape="Analog" ShapeAmount="1"/>
    <Breakpoint Time="0.875" Level="1" Shape="Analog" ShapeAmount="1"/>
    <Breakpoint Time="1" Level="0.180434783" Shape="Analog" ShapeAmount="1"/>
    <Breakpoint Time="1.25" Level="0.0434782609" Shape="Analog" ShapeAmount="1"/>
  </FilterEnvelope>
  <AmpEnvelope Version="1.0" ScaleFactor="1" Offset="0" TimeScale="1" TimeScaleByKey="0"
               TimeScaleByVel="0" Depth="1" DepthByKey="0" DepthByVel="0" SyncMode="0"
               LoopStartIndex="2" LoopEndIndex="3" LoopMode="Forward">
    <Breakpoint Time="0" Level="0" Shape="Analog" ShapeAmount="1"/>
    <Breakpoint Time="0.0300677818" Level="1" Shape="Analog" ShapeAmount="1"/>
    <Breakpoint Time="0.875" Level="0.375" Shape="Analog" ShapeAmount="1"/>
    <Breakpoint Time="1" Level="0.375" Shape="Analog" ShapeAmount="1"/>
    <Breakpoint Time="1.32396353" Level="0" Shape="Analog" ShapeAmount="1.299"/>
  </AmpEnvelope>
</Straightliner>
