<?xml version="1.0" encoding="UTF-8"?>

<Straightliner PatchFormat="1" MasterLevel="-24.22" VoiceLevelByKey="-13.1"
               NumVoices="1" VoiceLevelByVel="0" MasterLevelByVoices="0" MidSideRatio="0.5"
               MasterTuneA4="440" PitchWheelRange="12" GlideIsOn="1" GlideTime="50">
  <OscSection PatchFormat="1">
    <Osc1 PatchFormat="1" Level="-4.94" StereoDetuneHz="0.5" PitchModulationDepth="-1"
          StartPhase="139" StereoPhaseShift="-20" AudioFileRelativePath="Samples\SingleCycle\Classic\Saw.flac"
          Mute="0" LevelByKey="0" LevelByVel="0" Pan="0" MidSideRatio="0.5"
          StartPhaseByKey="0" StartPhaseByVel="0" TimeReverse="0" PolarityInvert="0"
          FullWavePhaseWarp="0" HalfWavePhaseWarp="0" CombHarmonic="1"
          CombAmount="0" Tune="0" DetuneHz="0" StereoDetuneSemitones="0"
          SpectralContrast="1" SpectralSlope="0" HighestHarmonicToKeep="1024"
          LowestHarmonicToKeep="1" PhaseScale="1" PhaseShift="0" EvenOddRatio="0.5"
          EvenOddPhaseShift="0" EvenOddStereoPhaseShift="0"/>
    <Osc2 PatchFormat="1" Level="-6.22" Tune="-12" StereoDetuneHz="-0.4"
          PitchModulationDepth="1" StartPhase="135" StereoPhaseShift="20"
          AudioFileRelativePath="Samples\SingleCycle\Classic\Square.flac"
          Mute="0" LevelByKey="0" LevelByVel="0" Pan="0" MidSideRatio="0.5"
          StartPhaseByKey="0" StartPhaseByVel="0" TimeReverse="0" PolarityInvert="0"
          FullWavePhaseWarp="0" HalfWavePhaseWarp="0" CombHarmonic="1"
          CombAmount="0" DetuneHz="0" StereoDetuneSemitones="0" SpectralContrast="1"
          SpectralSlope="0" HighestHarmonicToKeep="1024" LowestHarmonicToKeep="1"
          PhaseScale="1" PhaseShift="0" EvenOddRatio="0.5" EvenOddPhaseShift="0"
          EvenOddStereoPhaseShift="0"/>
    <Osc3 PatchFormat="1" StartPhase="0" AudioFileRelativePath="Samples\SingleCycle\Classic\Saw.flac"
          Mute="1" Level="0" LevelByKey="0" LevelByVel="0" Pan="0" MidSideRatio="0.5"
          StartPhaseByKey="0" StartPhaseByVel="0" TimeReverse="0" PolarityInvert="0"
          FullWavePhaseWarp="0" HalfWavePhaseWarp="0" CombHarmonic="1"
          CombAmount="0" Tune="0" DetuneHz="0" StereoDetuneSemitones="0"
          StereoDetuneHz="0" PitchModulationDepth="0" SpectralContrast="1"
          SpectralSlope="0" HighestHarmonicToKeep="1024" LowestHarmonicToKeep="1"
          PhaseScale="1" PhaseShift="0" EvenOddRatio="0.5" EvenOddPhaseShift="0"
          StereoPhaseShift="0" EvenOddStereoPhaseShift="0"/>
    <Osc4 PatchFormat="1" Tune="-12" StartPhase="0" SpectralSlope="0.56"
          StereoPhaseShift="90" AudioFileRelativePath="Samples\SingleCycle\Classic\Saw.flac"
          Mute="0" Level="0" LevelByKey="0" LevelByVel="0" Pan="0" MidSideRatio="0.5"
          StartPhaseByKey="0" StartPhaseByVel="0" TimeReverse="0" PolarityInvert="0"
          FullWavePhaseWarp="0" HalfWavePhaseWarp="0" CombHarmonic="1"
          CombAmount="0" DetuneHz="0" StereoDetuneSemitones="0" StereoDetuneHz="0"
          PitchModulationDepth="0" SpectralContrast="1" HighestHarmonicToKeep="1024"
          LowestHarmonicToKeep="1" PhaseScale="1" PhaseShift="0" EvenOddRatio="0.5"
          EvenOddPhaseShift="0" EvenOddStereoPhaseShift="0"/>
  </OscSection>
  <Filter PatchFormat="1" Frequency="1018.41913" FrequencyByKey="100" Resonance="30.8"
          MakeUp="100" Drive="3.34" Order="1" Mode="Moogish Lowpass" FrequencyByVel="0"
          PreAllpass="20000">
    <ControllerMapping>
      <Frequency MidiCC="74" Min="455.815004" Max="8951.42268"/>
    </ControllerMapping>
  </Filter>
  <PitchEnvelope PatchFormat="1" TimeScale="2" ScaleFactor="1" Offset="0" TimeScaleByKey="0"
                 TimeScaleByVel="0" Depth="1" DepthByKey="0" DepthByVel="0" SyncMode="1"
                 LoopStartIndex="0" LoopEndIndex="6" LoopMode="Forward">
    <Breakpoint Time="0" Level="1" Shape="Analog" ShapeAmount="4.35"/>
    <Breakpoint Time="0.25" Level="0.5" Shape="Analog" ShapeAmount="4.35"/>
    <Breakpoint Time="0.375" Level="1" Shape="Analog" ShapeAmount="4.35"/>
    <Breakpoint Time="0.5" Level="0.85" Shape="Analog" ShapeAmount="4.35"/>
    <Breakpoint Time="0.75" Level="2" Shape="Analog" ShapeAmount="4.35"/>
    <Breakpoint Time="0.875" Level="1" Shape="Analog" ShapeAmount="4.35"/>
    <Breakpoint Time="1" Level="1" Shape="Analog" ShapeAmount="4.35"/>
    <Breakpoint Time="1.0625" Level="1" Shape="Analog" ShapeAmount="4.35"/>
    <Breakpoint Time="1.25" Level="1" Shape="Analog" ShapeAmount="4.35"/>
  </PitchEnvelope>
  <FilterEnvelope PatchFormat="1" TimeScale="4" Depth="1.38423295" ScaleFactor="1"
                  Offset="0" TimeScaleByKey="0" TimeScaleByVel="0" DepthByKey="0"
                  DepthByVel="0" SyncMode="1" LoopStartIndex="0" LoopEndIndex="10"
                  LoopMode="Forward">
    <Breakpoint Time="0" Level="1.375" Shape="Analog" ShapeAmount="2.42"/>
    <Breakpoint Time="0.25" Level="1" Shape="Analog" ShapeAmount="2.42"/>
    <Breakpoint Time="0.375" Level="1.375" Shape="Analog" ShapeAmount="2.42"/>
    <Breakpoint Time="0.375" Level="0.375" Shape="Analog" ShapeAmount="2.42"/>
    <Breakpoint Time="0.5" Level="0.75" Shape="Analog" ShapeAmount="2.42"/>
    <Breakpoint Time="0.5625" Level="1.71219512" Shape="Analog" ShapeAmount="2.42"/>
    <Breakpoint Time="0.6875" Level="0.697560976" Shape="Analog" ShapeAmount="2.42"/>
    <Breakpoint Time="0.75" Level="1.02926829" Shape="Analog" ShapeAmount="2.42"/>
    <Breakpoint Time="0.8125" Level="0.707317073" Shape="Analog" ShapeAmount="2.42"/>
    <Breakpoint Time="0.875" Level="1.75" Shape="Analog" ShapeAmount="2.42"/>
    <Breakpoint Time="1" Level="1.375" Shape="Analog" ShapeAmount="2.42"/>
    <Breakpoint Time="1.2" Level="0" Shape="Analog" ShapeAmount="2.42"/>
  </FilterEnvelope>
  <AmpEnvelope PatchFormat="1" TimeScale="4" ScaleFactor="1" Offset="0" TimeScaleByKey="0"
               TimeScaleByVel="0" Depth="1" DepthByKey="0" DepthByVel="0" SyncMode="1"
               LoopStartIndex="0" LoopEndIndex="4" LoopMode="Forward">
    <Breakpoint Time="0" Level="1.25" Shape="Analog" ShapeAmount="1"/>
    <Breakpoint Time="0.0625" Level="0.629268293" Shape="Analog" ShapeAmount="1"/>
    <Breakpoint Time="0.125" Level="1.25" Shape="Analog" ShapeAmount="1"/>
    <Breakpoint Time="0.375" Level="0.814634146" Shape="Analog" ShapeAmount="1"/>
    <Breakpoint Time="0.5" Level="1.25" Shape="Analog" ShapeAmount="1"/>
    <Breakpoint Time="1.140625" Level="0" Shape="Analog" ShapeAmount="1"/>
  </AmpEnvelope>
</Straightliner>
