<?xml version="1.0" encoding="UTF-8"?>

<Straightliner PatchFormat="1" MasterLevel="-9.4" VoiceLevelByKey="-9" VoiceLevelByVel="3"
               NumVoices="3" MasterLevelByVoices="0" MidSideRatio="0.5" MasterTuneA4="440"
               PitchWheelRange="12" GlideIsOn="1" GlideTime="50">
  <OscSection PatchFormat="1">
    <Osc1 PatchFormat="1" Level="-10" StereoDetune="0.53" StartPhase="167"
          LowestHarmonic="3" EvenOddPhaseShift="-65" EvenOddStereoPhaseShift="94"
          AudioFileRelativePath="Samples\SingleCycle\Classic\Saw.flac"
          Mute="0" LevelByKey="0" LevelByVel="0" Pan="0" MidSideRatio="0.5"
          StartPhaseByKey="0" StartPhaseByVel="0" TimeReverse="0" PolarityInvert="0"
          FullWavePhaseWarp="0" HalfWavePhaseWarp="0" CombHarmonic="1"
          CombAmount="0" Tune="0" DetuneHz="0" StereoDetuneSemitones="0.53"
          StereoDetuneHz="0" PitchModulationDepth="0" SpectralContrast="1"
          SpectralSlope="0" HighestHarmonicToKeep="1024" LowestHarmonicToKeep="3"
          PhaseScale="1" PhaseShift="0" EvenOddRatio="0.5" StereoPhaseShift="0"/>
    <Osc2 PatchFormat="1" Level="-10" StereoDetune="-0.37" StartPhase="119"
          LowestHarmonic="3" EvenOddPhaseShift="-23" StereoPhaseShift="-36"
          EvenOddStereoPhaseShift="-117" AudioFileRelativePath="Samples\SingleCycle\Classic\Saw.flac"
          Mute="0" LevelByKey="0" LevelByVel="0" Pan="0" MidSideRatio="0.5"
          StartPhaseByKey="0" StartPhaseByVel="0" TimeReverse="0" PolarityInvert="0"
          FullWavePhaseWarp="0" HalfWavePhaseWarp="0" CombHarmonic="1"
          CombAmount="0" Tune="0" DetuneHz="0" StereoDetuneSemitones="-0.37"
          StereoDetuneHz="0" PitchModulationDepth="0" SpectralContrast="1"
          SpectralSlope="0" HighestHarmonicToKeep="1024" LowestHarmonicToKeep="3"
          PhaseScale="1" PhaseShift="0" EvenOddRatio="0.5"/>
    <Osc3 PatchFormat="1" Level="-4.22" Tune="-12" StereoDetune="0.23"
          StartPhase="199" HighestHarmonic="6" EvenOddRatio="0.85" StereoPhaseShift="2"
          EvenOddStereoPhaseShift="-86" AudioFileRelativePath="Samples\SingleCycle\Classic\SawPlusSine.flac"
          Mute="0" LevelByKey="0" LevelByVel="0" Pan="0" MidSideRatio="0.5"
          StartPhaseByKey="0" StartPhaseByVel="0" TimeReverse="0" PolarityInvert="0"
          FullWavePhaseWarp="0" HalfWavePhaseWarp="0" CombHarmonic="1"
          CombAmount="0" DetuneHz="0" StereoDetuneSemitones="0.23" StereoDetuneHz="0"
          PitchModulationDepth="0" SpectralContrast="1" SpectralSlope="0"
          HighestHarmonicToKeep="6" LowestHarmonicToKeep="1" PhaseScale="1"
          PhaseShift="0" EvenOddPhaseShift="0"/>
    <Osc4 PatchFormat="1" Level="-2.27" PitchModulationDepth="1" StartPhase="255"
          AudioFileRelativePath="Samples\SingleCycle\Classic\SawPlusSine.flac"
          Mute="0" LevelByKey="0" LevelByVel="0" Pan="0" MidSideRatio="0.5"
          StartPhaseByKey="0" StartPhaseByVel="0" TimeReverse="0" PolarityInvert="0"
          FullWavePhaseWarp="0" HalfWavePhaseWarp="0" CombHarmonic="1"
          CombAmount="0" Tune="0" DetuneHz="0" StereoDetuneSemitones="0"
          StereoDetuneHz="0" SpectralContrast="1" SpectralSlope="0" HighestHarmonicToKeep="1024"
          LowestHarmonicToKeep="1" PhaseScale="1" PhaseShift="0" EvenOddRatio="0.5"
          EvenOddPhaseShift="0" StereoPhaseShift="0" EvenOddStereoPhaseShift="0"/>
  </OscSection>
  <Filter PatchFormat="1" Frequency="618.234926" FrequencyByKey="100" Resonance="8.5"
          MakeUp="100" Order="2" Mode="Moogish Lowpass" FrequencyByVel="0"
          Drive="0" PreAllpass="20000">
    <ControllerMapping>
      <Frequency MidiCC="74" Min="102.85772" Max="959.543081"/>
    </ControllerMapping>
  </Filter>
  <PitchEnvelope PatchFormat="1" TimeScale="0.5" TimeScaleByKey="-50" Depth="1.3"
                 DepthByVel="50" ScaleFactor="1" Offset="0" TimeScaleByVel="0"
                 DepthByKey="0" SyncMode="0" LoopStartIndex="0" LoopEndIndex="1"
                 LoopMode="Off">
    <Breakpoint Time="0" Level="4" Shape="Analog" ShapeAmount="1"/>
    <Breakpoint Time="0.025" Level="1" Shape="Analog" ShapeAmount="1"/>
  </PitchEnvelope>
  <FilterEnvelope PatchFormat="1" TimeScaleByKey="-60" Depth="1.6" DepthByVel="50"
                  ScaleFactor="1" Offset="0" TimeScale="1" TimeScaleByVel="0" DepthByKey="0"
                  SyncMode="0" LoopStartIndex="1" LoopEndIndex="2" LoopMode="Off">
    <Breakpoint Time="0" Level="4" Shape="Analog" ShapeAmount="1"/>
    <Breakpoint Time="0.05" Level="1" Shape="Analog" ShapeAmount="1"/>
    <Breakpoint Time="0.131450882" Level="1" Shape="Analog" ShapeAmount="1"/>
  </FilterEnvelope>
  <AmpEnvelope PatchFormat="1" TimeScale="2" TimeScaleByKey="-50" ScaleFactor="1"
               Offset="0" TimeScaleByVel="0" Depth="1" DepthByKey="0" DepthByVel="0"
               SyncMode="0" LoopStartIndex="2" LoopEndIndex="3" LoopMode="Forward">
    <Breakpoint Time="0" Level="0" Shape="Analog" ShapeAmount="1"/>
    <Breakpoint Time="0.000369526958" Level="1" Shape="Analog" ShapeAmount="1"/>
    <Breakpoint Time="0.0625" Level="0.5" Shape="Analog" ShapeAmount="1"/>
    <Breakpoint Time="0.09375" Level="0.5" Shape="Analog" ShapeAmount="1"/>
    <Breakpoint Time="0.125" Level="0" Shape="Analog" ShapeAmount="1"/>
  </AmpEnvelope>
</Straightliner>
