<?xml version="1.0" encoding="UTF-8"?>

<Straightliner PatchFormat="1" MasterLevel="-2.60869565" VoiceLevelByKey="-16.9090909"
               VoiceLevelByVel="3.27272727" NumVoices="8" MasterLevelByVoices="0"
               MidSideRatio="0.5" MasterTuneA4="440" PitchWheelRange="12" GlideIsOn="0"
               GlideTime="50">
  <OscSection PatchFormat="1">
    <Osc1 PatchFormat="1" Level="-4.21621622" MidSide="0.297728924" StereoDetune="0.04921875"
          StereoDetuneHz="0.697674419" PitchModulationDepth="1" FullWaveWarp="-0.6792"
          CombHarmonic="1" SpectralSlope="-3.34883721" EvenOddRatio="0.95"
          EvenOddPhaseShift="-4" StereoPhaseShift="4" EvenOddStereoPhaseShift="90"
          AudioFileRelativePath="Samples\SingleCycle\Classic\Square.flac"
          Mute="0" LevelByKey="0" LevelByVel="0" Pan="0" MidSideRatio="0.297728924"
          StartPhase="0" StartPhaseByKey="0" StartPhaseByVel="0" TimeReverse="0"
          PolarityInvert="0" FullWavePhaseWarp="-0.6792" HalfWavePhaseWarp="0"
          CombAmount="0" Tune="0" DetuneHz="0" StereoDetuneSemitones="0.04921875"
          SpectralContrast="1" HighestHarmonicToKeep="1024" LowestHarmonicToKeep="1"
          PhaseScale="1" PhaseShift="0"/>
    <Osc2 PatchFormat="1" Level="-13.9459459" Tune="19.01955" StereoDetune="-0.0421875"
          StereoDetuneHz="-0.4921875" PitchModulationDepth="1" CombHarmonic="1"
          SpectralSlope="1.18604651" EvenOddRatio="1" EvenOddStereoPhaseShift="90"
          AudioFileRelativePath="Samples\SingleCycle\Classic\Saw.flac"
          Mute="0" LevelByKey="0" LevelByVel="0" Pan="0" MidSideRatio="0.5"
          StartPhase="0" StartPhaseByKey="0" StartPhaseByVel="0" TimeReverse="0"
          PolarityInvert="0" FullWavePhaseWarp="0" HalfWavePhaseWarp="0"
          CombAmount="0" DetuneHz="0" StereoDetuneSemitones="-0.0421875"
          SpectralContrast="1" HighestHarmonicToKeep="1024" LowestHarmonicToKeep="1"
          PhaseScale="1" PhaseShift="0" EvenOddPhaseShift="0" StereoPhaseShift="0"/>
    <Osc3 PatchFormat="1" Level="-6.81081081" Tune="12" CombHarmonic="1"
          SpectralSlope="-1.18604651" AudioFileRelativePath="Samples\SingleCycle\PhaseModulation\SawCarrierSineModulator\SawSinPM_c1m4i7.flac"
          Mute="1" LevelByKey="0" LevelByVel="0" Pan="0" MidSideRatio="0.5"
          StartPhase="0" StartPhaseByKey="0" StartPhaseByVel="0" TimeReverse="0"
          PolarityInvert="0" FullWavePhaseWarp="0" HalfWavePhaseWarp="0"
          CombAmount="0" DetuneHz="0" StereoDetuneSemitones="0" StereoDetuneHz="0"
          PitchModulationDepth="0" SpectralContrast="1" HighestHarmonicToKeep="1024"
          LowestHarmonicToKeep="1" PhaseScale="1" PhaseShift="0" EvenOddRatio="0.5"
          EvenOddPhaseShift="0" StereoPhaseShift="0" EvenOddStereoPhaseShift="0"/>
    <Osc4 PatchFormat="1" CombHarmonic="1" AudioFileRelativePath="Samples\SingleCycle\Classic\Saw.flac"
          Mute="1" Level="0" LevelByKey="0" LevelByVel="0" Pan="0" MidSideRatio="0.5"
          StartPhase="0" StartPhaseByKey="0" StartPhaseByVel="0" TimeReverse="0"
          PolarityInvert="0" FullWavePhaseWarp="0" HalfWavePhaseWarp="0"
          CombAmount="0" Tune="0" DetuneHz="0" StereoDetuneSemitones="0"
          StereoDetuneHz="0" PitchModulationDepth="0" SpectralContrast="1"
          SpectralSlope="0" HighestHarmonicToKeep="1024" LowestHarmonicToKeep="1"
          PhaseScale="1" PhaseShift="0" EvenOddRatio="0.5" EvenOddPhaseShift="0"
          StereoPhaseShift="0" EvenOddStereoPhaseShift="0"/>
  </OscSection>
  <Filter PatchFormat="1" Frequency="442.443258" FrequencyByKey="100" FrequencyByVel="73.6842105"
          Resonance="0" MakeUp="100" Mode="Lowpass 6 dB/oct" TwoStages="1"/>
  <PitchEnvelope PatchFormat="1" TimeScale="0.5" Depth="0.0765625" ScaleFactor="1"
                 Offset="0" TimeScaleByKey="0" TimeScaleByVel="0" DepthByKey="0"
                 DepthByVel="0" SyncMode="1" LoopStartIndex="0" LoopEndIndex="3"
                 LoopMode="Forward">
    <Breakpoint Time="0" Level="1" Shape="Smooth" ShapeAmount="1"/>
    <Breakpoint Time="0.125" Level="1.125" Shape="Sine 1" ShapeAmount="1"/>
    <Breakpoint Time="0.375" Level="0.875" Shape="Smooth" ShapeAmount="1"/>
    <Breakpoint Time="0.5" Level="1" Shape="Sine 2" ShapeAmount="1"/>
    <Breakpoint Time="1" Level="1" Shape="Smooth" ShapeAmount="1"/>
  </PitchEnvelope>
  <FilterEnvelope PatchFormat="1" TimeScale="0.635275614" TimeScaleByKey="-29"
                  TimeScaleByVel="-31" Depth="2.94545455" DepthByVel="37" ScaleFactor="1"
                  Offset="0" DepthByKey="0" SyncMode="0" LoopStartIndex="1" LoopEndIndex="2"
                  LoopMode="Forward">
    <Breakpoint Time="0" Level="2" Shape="Analog" ShapeAmount="1"/>
    <Breakpoint Time="0.5" Level="0.5" Shape="Analog" ShapeAmount="1"/>
    <Breakpoint Time="1" Level="0.5" Shape="Analog" ShapeAmount="1"/>
    <Breakpoint Time="1.25" Level="0.5" Shape="Analog" ShapeAmount="1"/>
  </FilterEnvelope>
  <AmpEnvelope PatchFormat="1" TimeScale="0.604044722" ScaleFactor="1" Offset="0"
               TimeScaleByKey="0" TimeScaleByVel="0" Depth="1" DepthByKey="0"
               DepthByVel="0" SyncMode="0" LoopStartIndex="2" LoopEndIndex="3"
               LoopMode="Off">
    <Breakpoint Time="0" Level="0" Shape="Analog" ShapeAmount="1"/>
    <Breakpoint Time="0.00218717898" Level="1" Shape="Analog" ShapeAmount="1"/>
    <Breakpoint Time="0.00218717898" Level="1" Shape="Analog" ShapeAmount="1"/>
    <Breakpoint Time="0.5" Level="0" Shape="Analog" ShapeAmount="1"/>
    <Breakpoint Time="0.657374101" Level="0" Shape="Analog" ShapeAmount="1"/>
  </AmpEnvelope>
</Straightliner>
