<?xml version="1.0" encoding="UTF-8"?>

<Straightliner Version="1.1" MasterLevel="-29.02" VoiceLevelByKey="-4" NumVoices="3"
               VoiceLevelByVel="0" MasterLevelByVoices="0" MidSideRatio="0.5"
               MasterTuneA4="440" PitchWheelRange="12" GlideIsOn="1" GlideTime="50">
  <OscSection Version="1.0">
    <Osc1 Version="1.0" AudioFileRelativePath="Samples\SingleCycle\Classic\Square.flac"
          Mute="0" Level="0" LevelByKey="0" LevelByVel="0" Pan="-0.4" MidSideRatio="0.5"
          StartPhase="0" StartPhaseByKey="0" StartPhaseByVel="0" TimeReverse="0"
          PolarityInvert="0" FullWavePhaseWarp="0" HalfWavePhaseWarp="0"
          Tune="0.1" DetuneHz="0" StereoDetuneSemitones="0" StereoDetuneHz="0"
          SpectralContrast="1" SpectralSlope="1.14" HighestHarmonicToKeep="1024"
          LowestHarmonicToKeep="1" EvenOddRatio="0.5" EvenOddPhaseShift="0"
          StereoPhaseShift="0" EvenOddStereoPhaseShift="0"/>
    <Osc2 Version="1.0" AudioFileRelativePath="Samples\SingleCycle\Classic\Square.flac"
          Mute="0" Level="-4.89" LevelByKey="0" LevelByVel="0" Pan="0"
          MidSideRatio="0.5" StartPhase="0" StartPhaseByKey="0" StartPhaseByVel="0"
          TimeReverse="0" PolarityInvert="0" FullWavePhaseWarp="0" HalfWavePhaseWarp="0"
          Tune="-12" DetuneHz="0" StereoDetuneSemitones="0" StereoDetuneHz="0"
          SpectralContrast="1" SpectralSlope="0" HighestHarmonicToKeep="1024"
          LowestHarmonicToKeep="1" EvenOddRatio="0.5" EvenOddPhaseShift="0"
          StereoPhaseShift="0" EvenOddStereoPhaseShift="0"/>
    <Osc3 Version="1.0" AudioFileRelativePath="Samples\SingleCycle\Classic\Square.flac"
          Mute="0" Level="0" LevelByKey="0" LevelByVel="0" Pan="0.4" MidSideRatio="0.5"
          StartPhase="0" StartPhaseByKey="0" StartPhaseByVel="0" TimeReverse="0"
          PolarityInvert="0" FullWavePhaseWarp="0" HalfWavePhaseWarp="0"
          Tune="-0.1" DetuneHz="0" StereoDetuneSemitones="0" StereoDetuneHz="0"
          SpectralContrast="1" SpectralSlope="1.14" HighestHarmonicToKeep="1024"
          LowestHarmonicToKeep="1" EvenOddRatio="0.5" EvenOddPhaseShift="0"
          StereoPhaseShift="0" EvenOddStereoPhaseShift="0"/>
    <Osc4 Version="1.0" AudioFileRelativePath="Samples\SingleCycle\Classic\Square.flac"
          Mute="0" Level="-4.89" LevelByKey="0" LevelByVel="0" Pan="0"
          MidSideRatio="0.5" StartPhase="0" StartPhaseByKey="0" StartPhaseByVel="0"
          TimeReverse="0" PolarityInvert="0" FullWavePhaseWarp="0" HalfWavePhaseWarp="0"
          Tune="7.02" DetuneHz="0" StereoDetuneSemitones="0" StereoDetuneHz="0"
          SpectralContrast="1" SpectralSlope="0" HighestHarmonicToKeep="1024"
          LowestHarmonicToKeep="1" EvenOddRatio="0.5" EvenOddPhaseShift="0"
          StereoPhaseShift="0" EvenOddStereoPhaseShift="0"/>
  </OscSection>
  <Filter Version="1.0" Mode="Moogish Lowpass" Frequency="1060.32608" FrequencyByKey="31.6"
          FrequencyByVel="0" Resonance="84.3" Drive="10.5" Order="1" PreAllpass="20000"
          MakeUp="100"/>
  <FilterEnvelope Version="1.0" ScaleFactor="1" Offset="0" TimeScale="1" TimeScaleByKey="0"
                  TimeScaleByVel="0" Depth="1" DepthByKey="0" DepthByVel="0" SyncMode="0"
                  LoopStartIndex="1" LoopEndIndex="2" LoopMode="Forward">
    <Breakpoint Time="0" Level="1" Shape="Analog" ShapeAmount="1"/>
    <Breakpoint Time="0.4" Level="1" Shape="Analog" ShapeAmount="1"/>
    <Breakpoint Time="1" Level="1" Shape="Analog" ShapeAmount="1"/>
    <Breakpoint Time="1.375" Level="0.5" Shape="Analog" ShapeAmount="1"/>
  </FilterEnvelope>
  <AmpEnvelope Version="1.0" ScaleFactor="1" Offset="0" TimeScale="1" TimeScaleByKey="0"
               TimeScaleByVel="0" Depth="1" DepthByKey="0" DepthByVel="0" SyncMode="0"
               LoopStartIndex="2" LoopEndIndex="3" LoopMode="Forward">
    <Breakpoint Time="0" Level="-0" Shape="Analog" ShapeAmount="1"/>
    <Breakpoint Time="0.00187400581" Level="1" Shape="Analog" ShapeAmount="1"/>
    <Breakpoint Time="0.44893599" Level="0.625" Shape="Analog" ShapeAmount="1"/>
    <Breakpoint Time="1.00043063" Level="0.625" Shape="Analog" ShapeAmount="1"/>
    <Breakpoint Time="1.72221134" Level="0" Shape="Analog" ShapeAmount="1"/>
  </AmpEnvelope>
</Straightliner>
