<?xml version="1.0" encoding="UTF-8"?>

<Straightliner Version="1.1" MasterLevel="-12.52" GlideTime="138.33" NumVoices="1"
               VoiceLevelByKey="0" VoiceLevelByVel="0" MasterLevelByVoices="0"
               MidSideRatio="0.5" MasterTuneA4="440" PitchWheelRange="12" GlideIsOn="1">
  <OscSection Version="1.0">
    <Osc1 Version="1.0" AudioFileRelativePath="Samples\SingleCycle\Synthetic\SteppedTriangleSweep.flac"
          Mute="0" Level="-12.44" LevelByKey="0" LevelByVel="0" Pan="0"
          MidSideRatio="0.4" StartPhase="0" StartPhaseByKey="0" StartPhaseByVel="0"
          TimeReverse="1" PolarityInvert="0" FullWavePhaseWarp="0" HalfWavePhaseWarp="0"
          Tune="0" DetuneHz="0" StereoDetuneSemitones="0.4" StereoDetuneHz="0"
          SpectralContrast="0.75" SpectralSlope="0" HighestHarmonicToKeep="1024"
          LowestHarmonicToKeep="1" EvenOddRatio="0.5" EvenOddPhaseShift="0"
          StereoPhaseShift="90" EvenOddStereoPhaseShift="0"/>
    <Osc2 Version="1.0" AudioFileRelativePath="Samples\SingleCycle\Classic\Saw.flac"
          Mute="0" Level="0" LevelByKey="0" LevelByVel="0" Pan="0" MidSideRatio="0.4"
          StartPhase="0" StartPhaseByKey="0" StartPhaseByVel="0" TimeReverse="0"
          PolarityInvert="0" FullWavePhaseWarp="0" HalfWavePhaseWarp="0"
          Tune="0" DetuneHz="-2" StereoDetuneSemitones="0" StereoDetuneHz="0"
          SpectralContrast="1" SpectralSlope="0" HighestHarmonicToKeep="1024"
          LowestHarmonicToKeep="1" EvenOddRatio="0.75" EvenOddPhaseShift="0"
          StereoPhaseShift="0" EvenOddStereoPhaseShift="90"/>
    <Osc3 Version="1.0" AudioFileRelativePath="Samples\SingleCycle\Classic\Saw.flac"
          Mute="1" Level="0" LevelByKey="0" LevelByVel="0" Pan="0" MidSideRatio="0.5"
          StartPhase="0" StartPhaseByKey="0" StartPhaseByVel="0" TimeReverse="0"
          PolarityInvert="0" FullWavePhaseWarp="0" HalfWavePhaseWarp="0"
          Tune="0" DetuneHz="0" StereoDetuneSemitones="0" StereoDetuneHz="0"
          SpectralContrast="1" SpectralSlope="0" HighestHarmonicToKeep="1024"
          LowestHarmonicToKeep="1" EvenOddRatio="0.5" EvenOddPhaseShift="0"
          StereoPhaseShift="0" EvenOddStereoPhaseShift="0"/>
    <Osc4 Version="1.0" AudioFileRelativePath="Samples\SingleCycle\Classic\Saw.flac"
          Mute="1" Level="0" LevelByKey="0" LevelByVel="0" Pan="0" MidSideRatio="0.5"
          StartPhase="0" StartPhaseByKey="0" StartPhaseByVel="0" TimeReverse="0"
          PolarityInvert="0" FullWavePhaseWarp="0" HalfWavePhaseWarp="0"
          Tune="0" DetuneHz="0" StereoDetuneSemitones="0" StereoDetuneHz="0"
          SpectralContrast="1" SpectralSlope="0" HighestHarmonicToKeep="1024"
          LowestHarmonicToKeep="1" EvenOddRatio="0.5" EvenOddPhaseShift="0"
          StereoPhaseShift="0" EvenOddStereoPhaseShift="0"/>
  </OscSection>
  <Filter Version="1.0" Mode="Moogish Lowpass" Frequency="444.106049" FrequencyByKey="-50"
          FrequencyByVel="0" Resonance="22.0472441" Drive="0" Order="1"
          PreAllpass="20000" MakeUp="100"/>
  <FilterEnvelope Version="1.0" ScaleFactor="1" Offset="0" TimeScale="2" TimeScaleByKey="0"
                  TimeScaleByVel="0" Depth="1" DepthByKey="0" DepthByVel="0" SyncMode="1"
                  LoopStartIndex="0" LoopEndIndex="7" LoopMode="Forward">
    <Breakpoint Time="0" Level="1" Shape="Sigmoid" ShapeAmount="2.485"/>
    <Breakpoint Time="0.1875" Level="0.5" Shape="Sigmoid" ShapeAmount="2.485"/>
    <Breakpoint Time="0.25" Level="0.75" Shape="Sigmoid" ShapeAmount="2.485"/>
    <Breakpoint Time="0.375" Level="0.25" Shape="Sigmoid" ShapeAmount="2.485"/>
    <Breakpoint Time="0.5" Level="0.5" Shape="Sigmoid" ShapeAmount="2.485"/>
    <Breakpoint Time="0.625" Level="1" Shape="Sigmoid" ShapeAmount="2.485"/>
    <Breakpoint Time="0.885" Level="0.25" Shape="Sigmoid" ShapeAmount="2.485"/>
    <Breakpoint Time="1" Level="1" Shape="Sigmoid" ShapeAmount="2.485"/>
    <Breakpoint Time="1.3125" Level="0.5" Shape="Sigmoid" ShapeAmount="2.485"/>
  </FilterEnvelope>
  <AmpEnvelope Version="1.0" ScaleFactor="1" Offset="0" TimeScale="1" TimeScaleByKey="0"
               TimeScaleByVel="0" Depth="0.45" DepthByKey="0" DepthByVel="0"
               SyncMode="1" LoopStartIndex="0" LoopEndIndex="8" LoopMode="Forward">
    <Breakpoint Time="0" Level="0" Shape="Analog" ShapeAmount="1"/>
    <Breakpoint Time="0.015625" Level="1" Shape="Analog" ShapeAmount="1"/>
    <Breakpoint Time="0.25" Level="0.0625" Shape="Analog" ShapeAmount="1"/>
    <Breakpoint Time="0.375" Level="0.75" Shape="Analog" ShapeAmount="1"/>
    <Breakpoint Time="0.5" Level="0.0625" Shape="Analog" ShapeAmount="1"/>
    <Breakpoint Time="0.625" Level="1" Shape="Analog" ShapeAmount="1"/>
    <Breakpoint Time="0.75" Level="0.625" Shape="Analog" ShapeAmount="1"/>
    <Breakpoint Time="0.875" Level="1" Shape="Analog" ShapeAmount="1"/>
    <Breakpoint Time="1" Level="-0" Shape="Analog" ShapeAmount="1"/>
    <Breakpoint Time="1.5" Level="0" Shape="Analog" ShapeAmount="1"/>
  </AmpEnvelope>
</Straightliner>
