<?xml version="1.0" encoding="UTF-8"?>

<Straightliner PatchFormat="1" MasterLevel="-14.6625" VoiceLevelByKey="-6.3801136"
               VoiceLevelByVel="3.40909091" MidSideRatio="0.64609375" NumVoices="8"
               MasterLevelByVoices="0" MasterTuneA4="440" PitchWheelRange="12"
               GlideIsOn="0" GlideTime="50">
  <OscSection PatchFormat="1">
    <Osc1 PatchFormat="1" Level="-2.91891892" MidSide="0.203488372" StereoDetune="0.03515625"
          StereoDetuneHz="1.51162791" PitchModulationDepth="1" StartPhase="0"
          FullWaveWarp="-0.6447" EvenOddStereoPhaseShift="75" AudioFileRelativePath="Samples\SingleCycle\Classic\Saw.flac"
          Mute="0" LevelByKey="0" LevelByVel="0" Pan="0" MidSideRatio="0.203488372"
          StartPhaseByKey="0" StartPhaseByVel="0" TimeReverse="0" PolarityInvert="0"
          FullWavePhaseWarp="-0.6447" HalfWavePhaseWarp="0" CombHarmonic="1"
          CombAmount="0" Tune="0" DetuneHz="0" StereoDetuneSemitones="0.03515625"
          SpectralContrast="1" SpectralSlope="0" HighestHarmonicToKeep="1024"
          LowestHarmonicToKeep="1" PhaseScale="1" PhaseShift="0" EvenOddRatio="0.5"
          EvenOddPhaseShift="0" StereoPhaseShift="0"/>
    <Osc2 PatchFormat="1" Level="-3.56756757" Tune="-12" StartPhase="0"
          EvenOddRatio="0.68" EvenOddStereoPhaseShift="-50" AudioFileRelativePath="Samples\SingleCycle\Classic\Saw.flac"
          Mute="0" LevelByKey="0" LevelByVel="0" Pan="0" MidSideRatio="0.5"
          StartPhaseByKey="0" StartPhaseByVel="0" TimeReverse="0" PolarityInvert="0"
          FullWavePhaseWarp="0" HalfWavePhaseWarp="0" CombHarmonic="1"
          CombAmount="0" DetuneHz="0" StereoDetuneSemitones="0" StereoDetuneHz="0"
          PitchModulationDepth="0" SpectralContrast="1" SpectralSlope="0"
          HighestHarmonicToKeep="1024" LowestHarmonicToKeep="1" PhaseScale="1"
          PhaseShift="0" EvenOddPhaseShift="0" StereoPhaseShift="0"/>
    <Osc3 PatchFormat="1" StartPhase="0" AudioFileRelativePath="Samples\SingleCycle\Classic\Saw.flac"
          Mute="1" Level="0" LevelByKey="0" LevelByVel="0" Pan="0" MidSideRatio="0.5"
          StartPhaseByKey="0" StartPhaseByVel="0" TimeReverse="0" PolarityInvert="0"
          FullWavePhaseWarp="0" HalfWavePhaseWarp="0" CombHarmonic="1"
          CombAmount="0" Tune="0" DetuneHz="0" StereoDetuneSemitones="0"
          StereoDetuneHz="0" PitchModulationDepth="0" SpectralContrast="1"
          SpectralSlope="0" HighestHarmonicToKeep="1024" LowestHarmonicToKeep="1"
          PhaseScale="1" PhaseShift="0" EvenOddRatio="0.5" EvenOddPhaseShift="0"
          StereoPhaseShift="0" EvenOddStereoPhaseShift="0"/>
    <Osc4 PatchFormat="1" StartPhase="0" AudioFileRelativePath="Samples\SingleCycle\Classic\Saw.flac"
          Mute="1" Level="0" LevelByKey="0" LevelByVel="0" Pan="0" MidSideRatio="0.5"
          StartPhaseByKey="0" StartPhaseByVel="0" TimeReverse="0" PolarityInvert="0"
          FullWavePhaseWarp="0" HalfWavePhaseWarp="0" CombHarmonic="1"
          CombAmount="0" Tune="0" DetuneHz="0" StereoDetuneSemitones="0"
          StereoDetuneHz="0" PitchModulationDepth="0" SpectralContrast="1"
          SpectralSlope="0" HighestHarmonicToKeep="1024" LowestHarmonicToKeep="1"
          PhaseScale="1" PhaseShift="0" EvenOddRatio="0.5" EvenOddPhaseShift="0"
          StereoPhaseShift="0" EvenOddStereoPhaseShift="0"/>
  </OscSection>
  <Filter PatchFormat="1" Frequency="1499.78842" FrequencyByKey="20" FrequencyByVel="94.7368421"
          Resonance="9.64912281" MakeUp="100" Order="2" Mode="Moogish Lowpass"
          Drive="0" PreAllpass="20000"/>
  <PitchEnvelope PatchFormat="1" TimeScale="0.2095628" TimeScaleByKey="-99" Depth="3.2"
                 DepthByVel="71" ScaleFactor="1" Offset="0" TimeScaleByVel="0"
                 DepthByKey="0" SyncMode="1" LoopStartIndex="1" LoopEndIndex="2"
                 LoopMode="Forward">
    <Breakpoint Time="0" Level="1.25" Shape="Analog" ShapeAmount="1"/>
    <Breakpoint Time="0.25" Level="1" Shape="Analog" ShapeAmount="1"/>
    <Breakpoint Time="1" Level="1" Shape="Analog" ShapeAmount="1"/>
  </PitchEnvelope>
  <FilterEnvelope PatchFormat="1" TimeScale="0.256381423" Depth="1.56363636" DepthByVel="54"
                  ScaleFactor="1" Offset="0" TimeScaleByKey="0" TimeScaleByVel="0"
                  DepthByKey="0" SyncMode="1" LoopStartIndex="4" LoopEndIndex="7"
                  LoopMode="Off">
    <Breakpoint Time="0" Level="1" Shape="Analog" ShapeAmount="1"/>
    <Breakpoint Time="0.0443671108" Level="1.28125" Shape="Sine 1" ShapeAmount="1"/>
    <Breakpoint Time="0.126981731" Level="0.81875" Shape="Smooth" ShapeAmount="1"/>
    <Breakpoint Time="0.237134558" Level="1.175" Shape="Smooth" ShapeAmount="1"/>
    <Breakpoint Time="0.365646189" Level="0.89375" Shape="Smooth" ShapeAmount="1"/>
    <Breakpoint Time="0.494157821" Level="1.09375" Shape="Smooth" ShapeAmount="1"/>
    <Breakpoint Time="0.631848855" Level="0.9375" Shape="Smooth" ShapeAmount="1"/>
    <Breakpoint Time="0.75" Level="1" Shape="Smooth" ShapeAmount="1"/>
    <Breakpoint Time="1.07704986" Level="1" Shape="Analog" ShapeAmount="1"/>
  </FilterEnvelope>
  <AmpEnvelope PatchFormat="1" ScaleFactor="1" Offset="0" TimeScale="1" TimeScaleByKey="0"
               TimeScaleByVel="0" Depth="1" DepthByKey="0" DepthByVel="0" SyncMode="0"
               LoopStartIndex="1" LoopEndIndex="2" LoopMode="Forward">
    <Breakpoint Time="0" Level="0" Shape="Analog" ShapeAmount="1"/>
    <Breakpoint Time="0.00265900258" Level="1" Shape="Smooth" ShapeAmount="1"/>
    <Breakpoint Time="1" Level="1" Shape="Analog" ShapeAmount="1"/>
    <Breakpoint Time="1.01913409" Level="0.1875" Shape="Smooth" ShapeAmount="1"/>
    <Breakpoint Time="2.12656152" Level="0" Shape="Analog" ShapeAmount="1.554"/>
  </AmpEnvelope>
</Straightliner>
