<?xml version="1.0" encoding="UTF-8"?>

<Straightliner Version="1.1" MasterLevel="-10.6" VoiceLevelByKey="-7.6" NumVoices="8"
               VoiceLevelByVel="0" MasterLevelByVoices="0" MidSideRatio="0.5"
               MasterTuneA4="440" PitchWheelRange="12" GlideIsOn="0" GlideTime="50">
  <OscSection Version="1.0">
    <Osc1 Version="1.0" AudioFileRelativePath="Samples\SingleCycle\PhaseModulation\TriangleCarrierTriangleModulator\TriTriPM_c1m1i1.flac"
          Mute="0" Level="-9.33" LevelByKey="0" LevelByVel="0" Pan="0"
          MidSideRatio="0.5" StartPhase="0" StartPhaseByKey="0" StartPhaseByVel="0"
          TimeReverse="0" PolarityInvert="0" FullWavePhaseWarp="0" HalfWavePhaseWarp="0"
          Tune="-12" DetuneHz="0" StereoDetuneSemitones="0" StereoDetuneHz="0"
          SpectralContrast="0.37" SpectralSlope="-1.25" HighestHarmonicToKeep="1024"
          LowestHarmonicToKeep="1" EvenOddRatio="0.5" EvenOddPhaseShift="0"
          StereoPhaseShift="0" EvenOddStereoPhaseShift="0"/>
    <Osc2 Version="1.0" AudioFileRelativePath="Samples\SingleCycle\Classic\Saw.flac"
          Mute="0" Level="-7.11" LevelByKey="0" LevelByVel="0" Pan="0"
          MidSideRatio="0.5" StartPhase="0" StartPhaseByKey="0" StartPhaseByVel="0"
          TimeReverse="0" PolarityInvert="0" FullWavePhaseWarp="0" HalfWavePhaseWarp="0"
          Tune="0" DetuneHz="0" StereoDetuneSemitones="0" StereoDetuneHz="0.3"
          SpectralContrast="1" SpectralSlope="0" HighestHarmonicToKeep="1024"
          LowestHarmonicToKeep="1" EvenOddRatio="0.5" EvenOddPhaseShift="0"
          StereoPhaseShift="0" EvenOddStereoPhaseShift="0"/>
    <Osc3 Version="1.0" AudioFileRelativePath="Samples\SingleCycle\Classic\Saw.flac"
          Mute="1" Level="0" LevelByKey="0" LevelByVel="0" Pan="0" MidSideRatio="0.5"
          StartPhase="0" StartPhaseByKey="0" StartPhaseByVel="0" TimeReverse="0"
          PolarityInvert="0" FullWavePhaseWarp="0" HalfWavePhaseWarp="0"
          Tune="0" DetuneHz="0" StereoDetuneSemitones="0" StereoDetuneHz="0"
          SpectralContrast="1" SpectralSlope="0" HighestHarmonicToKeep="1024"
          LowestHarmonicToKeep="1" EvenOddRatio="0.5" EvenOddPhaseShift="0"
          StereoPhaseShift="0" EvenOddStereoPhaseShift="0"/>
    <Osc4 Version="1.0" AudioFileRelativePath="Samples\SingleCycle\Classic\Saw.flac"
          Mute="0" Level="-11.11" LevelByKey="0" LevelByVel="0" Pan="0"
          MidSideRatio="0.5" StartPhase="0" StartPhaseByKey="0" StartPhaseByVel="0"
          TimeReverse="0" PolarityInvert="0" FullWavePhaseWarp="0" HalfWavePhaseWarp="0"
          Tune="12" DetuneHz="0" StereoDetuneSemitones="0" StereoDetuneHz="-0.3"
          SpectralContrast="1" SpectralSlope="0" HighestHarmonicToKeep="1024"
          LowestHarmonicToKeep="1" EvenOddRatio="0.5" EvenOddPhaseShift="0"
          StereoPhaseShift="0" EvenOddStereoPhaseShift="0"/>
  </OscSection>
  <Filter Version="1.0" Mode="Bandstop 2*6 dB/oct" Frequency="3778.72934"
          FrequencyByKey="0" FrequencyByVel="0" Q="0.5" TwoStages="1"/>
  <FilterEnvelope Version="1.0" ScaleFactor="1" Offset="0" TimeScale="2" TimeScaleByKey="0"
                  TimeScaleByVel="0" Depth="1" DepthByKey="0" DepthByVel="0" SyncMode="0"
                  LoopStartIndex="0" LoopEndIndex="6" LoopMode="Forward">
    <Breakpoint Time="0" Level="1" Shape="Sigmoid" ShapeAmount="2.848"/>
    <Breakpoint Time="0.25" Level="0.375" Shape="Sigmoid" ShapeAmount="2.848"/>
    <Breakpoint Time="0.375" Level="0.625" Shape="Sigmoid" ShapeAmount="2.848"/>
    <Breakpoint Time="0.625" Level="0.125" Shape="Sigmoid" ShapeAmount="2.848"/>
    <Breakpoint Time="0.75" Level="0.75" Shape="Sigmoid" ShapeAmount="2.848"/>
    <Breakpoint Time="0.875" Level="0.5" Shape="Sigmoid" ShapeAmount="2.848"/>
    <Breakpoint Time="1" Level="1" Shape="Sigmoid" ShapeAmount="2.848"/>
    <Breakpoint Time="1.2" Level="0" Shape="Sigmoid" ShapeAmount="2.848"/>
  </FilterEnvelope>
  <AmpEnvelope Version="1.0" ScaleFactor="1" Offset="0" TimeScale="1" TimeScaleByKey="0"
               TimeScaleByVel="0" Depth="1" DepthByKey="0" DepthByVel="0" SyncMode="0"
               LoopStartIndex="1" LoopEndIndex="2" LoopMode="Forward">
    <Breakpoint Time="0" Level="0" Shape="Analog" ShapeAmount="1"/>
    <Breakpoint Time="0.01" Level="1" Shape="Analog" ShapeAmount="1"/>
    <Breakpoint Time="1" Level="1" Shape="Analog" ShapeAmount="1"/>
    <Breakpoint Time="1.2" Level="0" Shape="Analog" ShapeAmount="1"/>
  </AmpEnvelope>
</Straightliner>
