<?xml version="1.0" encoding="UTF-8"?>

<Straightliner PatchFormat="1" MasterLevel="-10.1" VoiceLevelByKey="-14.6" GlideTime="91.64"
               NumVoices="10" VoiceLevelByVel="0" MasterLevelByVoices="0" MidSideRatio="0.5"
               MasterTuneA4="440" PitchWheelRange="12" GlideIsOn="0">
  <OscSection PatchFormat="1">
    <Osc1 PatchFormat="1" Level="-6" MidSide="0" Pan="-1" Tune="-0.05"
          DetuneHz="-0.2" PitchModulationDepth="1" StartPhase="0" AudioFileRelativePath="Samples\SingleCycle\Synthetic\Organ_Ste.flac"
          Mute="0" LevelByKey="0" LevelByVel="0" MidSideRatio="0" StartPhaseByKey="0"
          StartPhaseByVel="0" TimeReverse="0" PolarityInvert="0" FullWavePhaseWarp="0"
          HalfWavePhaseWarp="0" CombHarmonic="1" CombAmount="0" StereoDetuneSemitones="0"
          StereoDetuneHz="0" SpectralContrast="1" SpectralSlope="0" HighestHarmonicToKeep="1024"
          LowestHarmonicToKeep="1" PhaseScale="1" PhaseShift="0" EvenOddRatio="0.5"
          EvenOddPhaseShift="0" StereoPhaseShift="0" EvenOddStereoPhaseShift="0"/>
    <Osc2 PatchFormat="1" Level="-6" MidSide="0" Pan="1" Tune="0.05" DetuneHz="0.2"
          PitchModulationDepth="1" StartPhase="0" AudioFileRelativePath="Samples\SingleCycle\Synthetic\Organ_Ste.flac"
          Mute="0" LevelByKey="0" LevelByVel="0" MidSideRatio="0" StartPhaseByKey="0"
          StartPhaseByVel="0" TimeReverse="0" PolarityInvert="0" FullWavePhaseWarp="0"
          HalfWavePhaseWarp="0" CombHarmonic="1" CombAmount="0" StereoDetuneSemitones="0"
          StereoDetuneHz="0" SpectralContrast="1" SpectralSlope="0" HighestHarmonicToKeep="1024"
          LowestHarmonicToKeep="1" PhaseScale="1" PhaseShift="0" EvenOddRatio="0.5"
          EvenOddPhaseShift="0" StereoPhaseShift="0" EvenOddStereoPhaseShift="0"/>
    <Osc3 PatchFormat="1" StartPhase="0" AudioFileRelativePath="Samples\SingleCycle\Synthetic\Organ_Ste.flac"
          Mute="0" Level="0" LevelByKey="0" LevelByVel="0" Pan="0" MidSideRatio="0.5"
          StartPhaseByKey="0" StartPhaseByVel="0" TimeReverse="0" PolarityInvert="0"
          FullWavePhaseWarp="0" HalfWavePhaseWarp="0" CombHarmonic="1"
          CombAmount="0" Tune="0" DetuneHz="0" StereoDetuneSemitones="0"
          StereoDetuneHz="0" PitchModulationDepth="0" SpectralContrast="1"
          SpectralSlope="0" HighestHarmonicToKeep="1024" LowestHarmonicToKeep="1"
          PhaseScale="1" PhaseShift="0" EvenOddRatio="0.5" EvenOddPhaseShift="0"
          StereoPhaseShift="0" EvenOddStereoPhaseShift="0"/>
    <Osc4 PatchFormat="1" Level="-6.88" Tune="7.02" PitchModulationDepth="-1"
          StartPhase="0" AudioFileRelativePath="Samples\SingleCycle\Synthetic\Organ_Ste.flac"
          Mute="0" LevelByKey="0" LevelByVel="0" Pan="0" MidSideRatio="0.5"
          StartPhaseByKey="0" StartPhaseByVel="0" TimeReverse="0" PolarityInvert="0"
          FullWavePhaseWarp="0" HalfWavePhaseWarp="0" CombHarmonic="1"
          CombAmount="0" DetuneHz="0" StereoDetuneSemitones="0" StereoDetuneHz="0"
          SpectralContrast="1" SpectralSlope="0" HighestHarmonicToKeep="1024"
          LowestHarmonicToKeep="1" PhaseScale="1" PhaseShift="0" EvenOddRatio="0.5"
          EvenOddPhaseShift="0" StereoPhaseShift="0" EvenOddStereoPhaseShift="0"/>
  </OscSection>
  <Filter PatchFormat="1" Frequency="1455.79077" FrequencyByKey="17.5"
          Resonance="12.3" PreAllpass="102.696658" MakeUp="100" Drive="-6.18"
          Order="3" Mode="Moogish Lowpass" FrequencyByVel="0"/>
  <PitchEnvelope PatchFormat="1" TimeScale="0.25" Depth="0.0464488636" ScaleFactor="1"
                 Offset="0" TimeScaleByKey="0" TimeScaleByVel="0" DepthByKey="0"
                 DepthByVel="0" SyncMode="1" LoopStartIndex="0" LoopEndIndex="3"
                 LoopMode="Forward">
    <Breakpoint Time="0" Level="1" Shape="Smooth" ShapeAmount="1"/>
    <Breakpoint Time="0.125" Level="1.125" Shape="Sine 1" ShapeAmount="1"/>
    <Breakpoint Time="0.375" Level="0.875" Shape="Smooth" ShapeAmount="1"/>
    <Breakpoint Time="0.5" Level="1" Shape="Sine 2" ShapeAmount="1"/>
    <Breakpoint Time="1" Level="1" Shape="Smooth" ShapeAmount="1"/>
  </PitchEnvelope>
  <FilterEnvelope PatchFormat="1" TimeScale="0.5" Depth="1.00071023" ScaleFactor="1"
                  Offset="0" TimeScaleByKey="0" TimeScaleByVel="0" DepthByKey="0"
                  DepthByVel="0" SyncMode="1" LoopStartIndex="1" LoopEndIndex="3"
                  LoopMode="Forward">
    <Breakpoint Time="-0" Level="2" Shape="Smooth" ShapeAmount="1"/>
    <Breakpoint Time="0.5" Level="1.25" Shape="Analog" ShapeAmount="1"/>
    <Breakpoint Time="0.75" Level="0.75" Shape="Smooth" ShapeAmount="1"/>
    <Breakpoint Time="1" Level="1.25" Shape="Smooth" ShapeAmount="1"/>
    <Breakpoint Time="1.25" Level="0.5" Shape="Linear" ShapeAmount="0.526"/>
  </FilterEnvelope>
  <AmpEnvelope PatchFormat="1" Depth="0.290909091" ScaleFactor="1" Offset="0"
               TimeScale="1" TimeScaleByKey="0" TimeScaleByVel="0" DepthByKey="0"
               DepthByVel="0" SyncMode="1" LoopStartIndex="3" LoopEndIndex="5"
               LoopMode="Forward">
    <Breakpoint Time="-0" Level="0" Shape="Smooth" ShapeAmount="1"/>
    <Breakpoint Time="0" Level="0" Shape="Analog" ShapeAmount="1"/>
    <Breakpoint Time="0.0260791367" Level="1.25" Shape="Analog" ShapeAmount="1"/>
    <Breakpoint Time="0.5" Level="1.25" Shape="Analog" ShapeAmount="1"/>
    <Breakpoint Time="0.75" Level="0.75" Shape="Smooth" ShapeAmount="1"/>
    <Breakpoint Time="1" Level="1.25" Shape="Smooth" ShapeAmount="1"/>
    <Breakpoint Time="1.25" Level="0" Shape="Linear" ShapeAmount="0.526"/>
  </AmpEnvelope>
</Straightliner>
