<?xml version="1.0" encoding="UTF-8"?>

<Straightliner PatchFormat="1" MasterLevel="-15.91" VoiceLevelByKey="-6.40397727"
               VoiceLevelByVel="2.46051136" NumVoices="8" MasterLevelByVoices="0"
               MidSideRatio="0.5" MasterTuneA4="440" PitchWheelRange="12" GlideIsOn="0"
               GlideTime="50">
  <OscSection PatchFormat="1">
    <Osc1 PatchFormat="1" Level="-6.13953488" MidSide="0.302325581" StereoDetune="0.222020349"
          StereoDetuneHz="1.70094477" PitchModulationDepth="1" StartPhase="0"
          CombAmount="100" AudioFileRelativePath="Samples\SingleCycle\Classic\Saw.flac"
          Mute="0" LevelByKey="0" LevelByVel="0" Pan="0" MidSideRatio="0.302325581"
          StartPhaseByKey="0" StartPhaseByVel="0" TimeReverse="0" PolarityInvert="0"
          FullWavePhaseWarp="0" HalfWavePhaseWarp="0" CombHarmonic="0.12"
          Tune="0" DetuneHz="0" StereoDetuneSemitones="0.222020349" SpectralContrast="1"
          SpectralSlope="0" HighestHarmonicToKeep="1024" LowestHarmonicToKeep="1"
          PhaseScale="1" PhaseShift="0" EvenOddRatio="0.5" EvenOddPhaseShift="0"
          StereoPhaseShift="0" EvenOddStereoPhaseShift="0"/>
    <Osc2 PatchFormat="1" Level="-5.51351351" MidSide="0.302325581" Tune="-12"
          StereoDetune="-0.20390625" StereoDetuneHz="-0.9140625" PitchModulationDepth="-1"
          StartPhase="0" CombAmount="100" AudioFileRelativePath="Samples\SingleCycle\Classic\Saw.flac"
          Mute="0" LevelByKey="0" LevelByVel="0" Pan="0" MidSideRatio="0.302325581"
          StartPhaseByKey="0" StartPhaseByVel="0" TimeReverse="0" PolarityInvert="0"
          FullWavePhaseWarp="0" HalfWavePhaseWarp="0" CombHarmonic="0.414"
          DetuneHz="0" StereoDetuneSemitones="-0.20390625" SpectralContrast="1"
          SpectralSlope="0" HighestHarmonicToKeep="1024" LowestHarmonicToKeep="1"
          PhaseScale="1" PhaseShift="0" EvenOddRatio="0.5" EvenOddPhaseShift="0"
          StereoPhaseShift="0" EvenOddStereoPhaseShift="0"/>
    <Osc3 PatchFormat="1" Level="-4.86486486" MidSide="0.302325581" Tune="12"
          StereoDetune="0.0703125" StereoDetuneHz="0.7734375" StartPhase="0"
          CombAmount="100" EvenOddPhaseShift="44" EvenOddStereoPhaseShift="86"
          AudioFileRelativePath="Samples\SingleCycle\Classic\Saw.flac"
          Mute="0" LevelByKey="0" LevelByVel="0" Pan="0" MidSideRatio="0.302325581"
          StartPhaseByKey="0" StartPhaseByVel="0" TimeReverse="0" PolarityInvert="0"
          FullWavePhaseWarp="0" HalfWavePhaseWarp="0" CombHarmonic="0.402"
          DetuneHz="0" StereoDetuneSemitones="0.0703125" PitchModulationDepth="0"
          SpectralContrast="1" SpectralSlope="0" HighestHarmonicToKeep="1024"
          LowestHarmonicToKeep="1" PhaseScale="1" PhaseShift="0" EvenOddRatio="0.5"
          StereoPhaseShift="0"/>
    <Osc4 PatchFormat="1" Level="-4.21621622" MidSide="0.302325581" Tune="24"
          StereoDetune="-0.10546875" StereoDetuneHz="-1.3359375" StartPhase="0"
          CombAmount="100" EvenOddPhaseShift="71" EvenOddStereoPhaseShift="-54"
          AudioFileRelativePath="Samples\SingleCycle\Classic\Saw.flac"
          Mute="0" LevelByKey="0" LevelByVel="0" Pan="0" MidSideRatio="0.302325581"
          StartPhaseByKey="0" StartPhaseByVel="0" TimeReverse="0" PolarityInvert="0"
          FullWavePhaseWarp="0" HalfWavePhaseWarp="0" CombHarmonic="0.298"
          DetuneHz="0" StereoDetuneSemitones="-0.10546875" PitchModulationDepth="0"
          SpectralContrast="1" SpectralSlope="0" HighestHarmonicToKeep="1024"
          LowestHarmonicToKeep="1" PhaseScale="1" PhaseShift="0" EvenOddRatio="0.5"
          StereoPhaseShift="0"/>
  </OscSection>
  <Filter PatchFormat="1" Frequency="1371.62974" FrequencyByKey="4.13651316"
          FrequencyByVel="42.1052632" Resonance="0" Q="0.73894627" MakeUp="100"
          Gain="-15" Mode="Peak/Dip" TwoStages="0"/>
  <PitchEnvelope PatchFormat="1" TimeScale="0.25" TimeScaleByKey="-25" Depth="0.04375"
                 DepthByVel="50" ScaleFactor="1" Offset="0" TimeScaleByVel="0"
                 DepthByKey="0" SyncMode="0" LoopStartIndex="1" LoopEndIndex="2"
                 LoopMode="Forward">
    <Breakpoint Time="0" Level="1" Shape="Smooth" ShapeAmount="1"/>
    <Breakpoint Time="1" Level="1" Shape="Smooth" ShapeAmount="1"/>
    <Breakpoint Time="2.25" Level="1" Shape="Smooth" ShapeAmount="1"/>
    <Breakpoint Time="2.5" Level="1.05632" Shape="Smooth" ShapeAmount="1"/>
    <Breakpoint Time="2.75" Level="0.93344" Shape="Smooth" ShapeAmount="1"/>
    <Breakpoint Time="3" Level="1.12288" Shape="Smooth" ShapeAmount="1"/>
    <Breakpoint Time="3.25" Level="0.85664" Shape="Smooth" ShapeAmount="1"/>
    <Breakpoint Time="3.5" Level="1.18944" Shape="Smooth" ShapeAmount="1"/>
    <Breakpoint Time="3.75" Level="0.7952" Shape="Smooth" ShapeAmount="1"/>
    <Breakpoint Time="4" Level="1.25" Shape="Smooth" ShapeAmount="1"/>
    <Breakpoint Time="4.25" Level="0.75" Shape="Smooth" ShapeAmount="1"/>
    <Breakpoint Time="4.5" Level="1.25" Shape="Smooth" ShapeAmount="1"/>
    <Breakpoint Time="4.75" Level="0.75" Shape="Smooth" ShapeAmount="1"/>
    <Breakpoint Time="5" Level="1.25" Shape="Smooth" ShapeAmount="1"/>
    <Breakpoint Time="5.25" Level="0.75" Shape="Smooth" ShapeAmount="1"/>
    <Breakpoint Time="5.5" Level="1.25" Shape="Smooth" ShapeAmount="1"/>
    <Breakpoint Time="5.75" Level="0.75" Shape="Smooth" ShapeAmount="1"/>
    <Breakpoint Time="6" Level="1.25" Shape="Smooth" ShapeAmount="1"/>
    <Breakpoint Time="6.25" Level="0.75" Shape="Smooth" ShapeAmount="1"/>
    <Breakpoint Time="6.5" Level="1.25" Shape="Smooth" ShapeAmount="1"/>
    <Breakpoint Time="6.75" Level="0.75" Shape="Smooth" ShapeAmount="1"/>
    <Breakpoint Time="7" Level="1.25" Shape="Smooth" ShapeAmount="1"/>
    <Breakpoint Time="7.25" Level="0.75" Shape="Smooth" ShapeAmount="1"/>
    <Breakpoint Time="7.5" Level="1.25" Shape="Smooth" ShapeAmount="1"/>
    <Breakpoint Time="7.75" Level="0.75" Shape="Smooth" ShapeAmount="1"/>
    <Breakpoint Time="8" Level="1.25" Shape="Smooth" ShapeAmount="1"/>
    <Breakpoint Time="8.25" Level="0.75" Shape="Smooth" ShapeAmount="1"/>
    <Breakpoint Time="8.5" Level="1.25" Shape="Smooth" ShapeAmount="1"/>
    <Breakpoint Time="8.75" Level="0.75" Shape="Smooth" ShapeAmount="1"/>
    <Breakpoint Time="9" Level="1.25" Shape="Smooth" ShapeAmount="1"/>
    <Breakpoint Time="9.25" Level="0.75" Shape="Smooth" ShapeAmount="1"/>
    <Breakpoint Time="9.5" Level="1" Shape="Smooth" ShapeAmount="1"/>
  </PitchEnvelope>
  <FilterEnvelope PatchFormat="1" TimeScale="3.9004386" TimeScaleByKey="-40" TimeScaleByVel="-100"
                  Depth="1.92727273" DepthByKey="-20" DepthByVel="13" ScaleFactor="1"
                  Offset="0" SyncMode="0" LoopStartIndex="2" LoopEndIndex="5" LoopMode="Forward">
    <Breakpoint Time="0" Level="1" Shape="Analog" ShapeAmount="1"/>
    <Breakpoint Time="0.25" Level="1.5" Shape="Sine 1" ShapeAmount="1.278"/>
    <Breakpoint Time="0.75" Level="1" Shape="Smooth" ShapeAmount="1"/>
    <Breakpoint Time="1" Level="1.5" Shape="Sine 1" ShapeAmount="1"/>
    <Breakpoint Time="1.5" Level="0.5" Shape="Smooth" ShapeAmount="1"/>
    <Breakpoint Time="1.75" Level="1" Shape="Sine 2" ShapeAmount="1"/>
    <Breakpoint Time="2.47410072" Level="0.25" Shape="Analog" ShapeAmount="1"/>
  </FilterEnvelope>
  <AmpEnvelope PatchFormat="1" TimeScaleByKey="-40" ScaleFactor="1" Offset="0"
               TimeScale="1" TimeScaleByVel="0" Depth="1" DepthByKey="0" DepthByVel="0"
               SyncMode="0" LoopStartIndex="1" LoopEndIndex="2" LoopMode="Forward">
    <Breakpoint Time="0" Level="0" Shape="Analog" ShapeAmount="1"/>
    <Breakpoint Time="0.1916416" Level="1" Shape="Sine 1" ShapeAmount="1"/>
    <Breakpoint Time="1" Level="1" Shape="Analog" ShapeAmount="1"/>
    <Breakpoint Time="1.05672698" Level="0.21" Shape="Sine 2" ShapeAmount="1.891"/>
    <Breakpoint Time="4.0528777" Level="0" Shape="Analog" ShapeAmount="1.891"/>
  </AmpEnvelope>
</Straightliner>
