<?xml version="1.0" encoding="UTF-8"?>

<Straightliner PatchFormat="1" MasterLevel="-9.65217391" VoiceLevelByKey="-13.6125"
               VoiceLevelByVel="3" NumVoices="8" MasterLevelByVoices="0" MidSideRatio="0.5"
               MasterTuneA4="440" PitchWheelRange="12" GlideIsOn="0" GlideTime="50">
  <OscSection PatchFormat="1">
    <Osc1 PatchFormat="1" AudioFileRelativePath="Samples\SingleCycle\Classic\Saw.flac"
          Mute="0" Level="-6.16216216" LevelByKey="0" LevelByVel="0" Pan="0"
          MidSideRatio="0.5" StartPhase="0" StartPhaseByKey="0" StartPhaseByVel="0"
          TimeReverse="0" PolarityInvert="0" FullWavePhaseWarp="0" HalfWavePhaseWarp="0"
          CombHarmonic="0.438" CombAmount="100" Tune="12" DetuneHz="0"
          StereoDetuneSemitones="0" StereoDetuneHz="0" PitchModulationDepth="-1"
          SpectralContrast="1" SpectralSlope="0" HighestHarmonicToKeep="1024"
          LowestHarmonicToKeep="2" PhaseScale="1" PhaseShift="67" EvenOddRatio="0.5"
          EvenOddPhaseShift="0" StereoPhaseShift="0" EvenOddStereoPhaseShift="0"/>
    <Osc2 PatchFormat="1" AudioFileRelativePath="Samples\SingleCycle\Classic\Saw.flac"
          Mute="0" Level="0" LevelByKey="0" LevelByVel="0" Pan="0" MidSideRatio="0.5"
          StartPhase="0" StartPhaseByKey="0" StartPhaseByVel="0" TimeReverse="0"
          PolarityInvert="0" FullWavePhaseWarp="0" HalfWavePhaseWarp="0"
          CombHarmonic="1" CombAmount="0" Tune="0" DetuneHz="0" StereoDetuneSemitones="0"
          StereoDetuneHz="0" PitchModulationDepth="1" SpectralContrast="1"
          SpectralSlope="-3.13953488" HighestHarmonicToKeep="1024" LowestHarmonicToKeep="1"
          PhaseScale="1" PhaseShift="0" EvenOddRatio="0.5" EvenOddPhaseShift="0"
          StereoPhaseShift="0" EvenOddStereoPhaseShift="0"/>
    <Osc3 PatchFormat="1" AudioFileRelativePath="Samples\SingleCycle\Classic\Saw.flac"
          Mute="0" Level="-2.91891892" LevelByKey="0" LevelByVel="0" Pan="0"
          MidSideRatio="0.5" StartPhase="0" StartPhaseByKey="0" StartPhaseByVel="0"
          TimeReverse="1" PolarityInvert="0" FullWavePhaseWarp="0" HalfWavePhaseWarp="0"
          CombHarmonic="2.644" CombAmount="100" Tune="24" DetuneHz="0"
          StereoDetuneSemitones="0" StereoDetuneHz="0" PitchModulationDepth="0"
          SpectralContrast="1" SpectralSlope="0" HighestHarmonicToKeep="1024"
          LowestHarmonicToKeep="6" PhaseScale="1" PhaseShift="0" EvenOddRatio="0.5"
          EvenOddPhaseShift="0" StereoPhaseShift="0" EvenOddStereoPhaseShift="60"/>
    <Osc4 PatchFormat="1" AudioFileRelativePath="Samples\SingleCycle\Classic\Saw.flac"
          Mute="1" Level="0" LevelByKey="0" LevelByVel="0" Pan="0" MidSideRatio="0.5"
          StartPhase="0" StartPhaseByKey="0" StartPhaseByVel="0" TimeReverse="0"
          PolarityInvert="0" FullWavePhaseWarp="0" HalfWavePhaseWarp="0"
          CombHarmonic="1" CombAmount="0" Tune="0" DetuneHz="0" StereoDetuneSemitones="0"
          StereoDetuneHz="0" PitchModulationDepth="0" SpectralContrast="1"
          SpectralSlope="0" HighestHarmonicToKeep="1024" LowestHarmonicToKeep="1"
          PhaseScale="1" PhaseShift="0" EvenOddRatio="0.5" EvenOddPhaseShift="0"
          StereoPhaseShift="0" EvenOddStereoPhaseShift="0"/>
  </OscSection>
  <Filter PatchFormat="1" Mode="Moogish Lowpass" Frequency="851.805305"
          FrequencyByKey="100" FrequencyByVel="45.6140351" Resonance="6.14035088"
          Drive="8.42105263" Order="3" PreAllpass="3894.96608" MakeUp="100"/>
  <PitchEnvelope PatchFormat="1" ScaleFactor="1" Offset="0" TimeScale="0.243777413"
                 TimeScaleByKey="-88" TimeScaleByVel="0" Depth="0.690909091" DepthByKey="0"
                 DepthByVel="0" SyncMode="1" LoopStartIndex="1" LoopEndIndex="2"
                 LoopMode="Forward">
    <Breakpoint Time="0" Level="1.375" Shape="Analog" ShapeAmount="1"/>
    <Breakpoint Time="0.25" Level="1" Shape="Analog" ShapeAmount="1"/>
    <Breakpoint Time="1" Level="1" Shape="Analog" ShapeAmount="1"/>
  </PitchEnvelope>
  <FilterEnvelope PatchFormat="1" ScaleFactor="1" Offset="0" TimeScale="1" TimeScaleByKey="0"
                  TimeScaleByVel="0" Depth="2.71" DepthByKey="0" DepthByVel="59"
                  SyncMode="0" LoopStartIndex="1" LoopEndIndex="2" LoopMode="Forward">
    <Breakpoint Time="0" Level="2" Shape="Analog" ShapeAmount="1"/>
    <Breakpoint Time="0.4" Level="1" Shape="Analog" ShapeAmount="1"/>
    <Breakpoint Time="1" Level="1" Shape="Analog" ShapeAmount="1"/>
    <Breakpoint Time="1.2" Level="0" Shape="Analog" ShapeAmount="1"/>
  </FilterEnvelope>
  <AmpEnvelope PatchFormat="1" ScaleFactor="1" Offset="0" TimeScale="2.60596586"
               TimeScaleByKey="-40" TimeScaleByVel="0" Depth="1" DepthByKey="0"
               DepthByVel="0" SyncMode="0" LoopStartIndex="4" LoopEndIndex="5"
               LoopMode="Forward">
    <Breakpoint Time="0" Level="-0" Shape="Analog" ShapeAmount="1"/>
    <Breakpoint Time="0.00153795217" Level="0.96" Shape="Analog" ShapeAmount="1.52"/>
    <Breakpoint Time="0.00319035204" Level="0.26" Shape="Analog" ShapeAmount="1.52"/>
    <Breakpoint Time="0.00464835192" Level="0.73" Shape="Analog" ShapeAmount="1.52"/>
    <Breakpoint Time="0.1875" Level="0.25" Shape="Analog" ShapeAmount="1.52"/>
    <Breakpoint Time="0.25" Level="0.25" Shape="Analog" ShapeAmount="1.52"/>
    <Breakpoint Time="0.6875" Level="0" Shape="Analog" ShapeAmount="1.52"/>
  </AmpEnvelope>
</Straightliner>
