<?xml version="1.0" encoding="UTF-8"?>

<Straightliner PatchFormat="1" MasterLevel="-4.4" VoiceLevelByKey="-13" NumVoices="8"
               VoiceLevelByVel="0" MasterLevelByVoices="0" MidSideRatio="0.5"
               MasterTuneA4="440" PitchWheelRange="12" GlideIsOn="0" GlideTime="50">
  <OscSection PatchFormat="1">
    <Osc1 PatchFormat="1" StereoDetune="0.05" StereoDetuneHz="2.19" StartPhase="0"
          AudioFileRelativePath="Samples\SingleCycle\Classic\Saw.flac"
          Mute="0" Level="0" LevelByKey="0" LevelByVel="0" Pan="0" MidSideRatio="0.5"
          StartPhaseByKey="0" StartPhaseByVel="0" TimeReverse="0" PolarityInvert="0"
          FullWavePhaseWarp="0" HalfWavePhaseWarp="0" CombHarmonic="1"
          CombAmount="0" Tune="0" DetuneHz="0" StereoDetuneSemitones="0.05"
          PitchModulationDepth="0" SpectralContrast="1" SpectralSlope="0"
          HighestHarmonicToKeep="1024" LowestHarmonicToKeep="1" PhaseScale="1"
          PhaseShift="0" EvenOddRatio="0.5" EvenOddPhaseShift="0" StereoPhaseShift="0"
          EvenOddStereoPhaseShift="0"/>
    <Osc2 PatchFormat="1" Level="-3" Pan="0.3" Tune="0.1" StartPhase="0"
          AudioFileRelativePath="Samples\SingleCycle\Classic\Saw.flac"
          Mute="1" LevelByKey="0" LevelByVel="0" MidSideRatio="0.5" StartPhaseByKey="0"
          StartPhaseByVel="0" TimeReverse="0" PolarityInvert="0" FullWavePhaseWarp="0"
          HalfWavePhaseWarp="0" CombHarmonic="1" CombAmount="0" DetuneHz="0"
          StereoDetuneSemitones="0" StereoDetuneHz="0" PitchModulationDepth="0"
          SpectralContrast="1" SpectralSlope="0" HighestHarmonicToKeep="1024"
          LowestHarmonicToKeep="1" PhaseScale="1" PhaseShift="0" EvenOddRatio="0.5"
          EvenOddPhaseShift="0" StereoPhaseShift="0" EvenOddStereoPhaseShift="0"/>
    <Osc3 PatchFormat="1" Level="0.11" StartPhase="0" AudioFileRelativePath="Samples\SingleCycle\Synthetic\SineSweepDown_Ste.flac"
          Mute="0" LevelByKey="0" LevelByVel="0" Pan="0" MidSideRatio="0.5"
          StartPhaseByKey="0" StartPhaseByVel="0" TimeReverse="0" PolarityInvert="0"
          FullWavePhaseWarp="0" HalfWavePhaseWarp="0" CombHarmonic="1"
          CombAmount="0" Tune="0" DetuneHz="0" StereoDetuneSemitones="0"
          StereoDetuneHz="0" PitchModulationDepth="0" SpectralContrast="1"
          SpectralSlope="0" HighestHarmonicToKeep="1024" LowestHarmonicToKeep="1"
          PhaseScale="1" PhaseShift="0" EvenOddRatio="0.5" EvenOddPhaseShift="0"
          StereoPhaseShift="0" EvenOddStereoPhaseShift="0"/>
    <Osc4 PatchFormat="1" Level="2.45" Tune="-12" StartPhase="0" AudioFileRelativePath="Samples\SingleCycle\Classic\Square_Ste.flac"
          Mute="0" LevelByKey="0" LevelByVel="0" Pan="0" MidSideRatio="0.5"
          StartPhaseByKey="0" StartPhaseByVel="0" TimeReverse="0" PolarityInvert="0"
          FullWavePhaseWarp="0" HalfWavePhaseWarp="0" CombHarmonic="1"
          CombAmount="0" DetuneHz="0" StereoDetuneSemitones="0" StereoDetuneHz="0"
          PitchModulationDepth="0" SpectralContrast="1" SpectralSlope="0"
          HighestHarmonicToKeep="1024" LowestHarmonicToKeep="1" PhaseScale="1"
          PhaseShift="0" EvenOddRatio="0.5" EvenOddPhaseShift="0" StereoPhaseShift="0"
          EvenOddStereoPhaseShift="0"/>
  </OscSection>
  <Filter PatchFormat="1" Frequency="2980.28899" FrequencyByKey="56.1"
          FrequencyByVel="100" Resonance="7.1" MakeUp="100" Drive="-8.11"
          Mode="Moogish Lowpass" Order="4" PreAllpass="20000"/>
  <PitchEnvelope PatchFormat="1" TimeScale="0.25" TimeScaleByKey="-25" Depth="0.04375"
                 DepthByVel="50" ScaleFactor="1" Offset="0" TimeScaleByVel="0"
                 DepthByKey="0" SyncMode="0" LoopStartIndex="0" LoopEndIndex="1"
                 LoopMode="Off">
    <Breakpoint Time="0" Level="1" Shape="Analog" ShapeAmount="1"/>
    <Breakpoint Time="1" Level="1" Shape="Analog" ShapeAmount="1"/>
  </PitchEnvelope>
  <FilterEnvelope PatchFormat="1" ScaleFactor="1" Offset="0" TimeScale="1" TimeScaleByKey="0"
                  TimeScaleByVel="0" Depth="1" DepthByKey="0" DepthByVel="0" SyncMode="0"
                  LoopStartIndex="2" LoopEndIndex="3" LoopMode="Forward">
    <Breakpoint Time="0" Level="0.334042553" Shape="Analog" ShapeAmount="1"/>
    <Breakpoint Time="0.163486815" Level="0.99787234" Shape="Analog" ShapeAmount="1"/>
    <Breakpoint Time="1" Level="0.5" Shape="Analog" ShapeAmount="1"/>
    <Breakpoint Time="2" Level="0.5" Shape="Analog" ShapeAmount="1"/>
    <Breakpoint Time="2.90772472" Level="0.14893617" Shape="Analog" ShapeAmount="1"/>
  </FilterEnvelope>
  <AmpEnvelope PatchFormat="1" ScaleFactor="1" Offset="0" TimeScale="1" TimeScaleByKey="0"
               TimeScaleByVel="0" Depth="1" DepthByKey="0" DepthByVel="0" SyncMode="0"
               LoopStartIndex="3" LoopEndIndex="4" LoopMode="Forward">
    <Breakpoint Time="0" Level="0" Shape="Analog" ShapeAmount="1"/>
    <Breakpoint Time="0.01" Level="-0" Shape="Analog" ShapeAmount="1"/>
    <Breakpoint Time="0.0531780729" Level="1.01702128" Shape="Analog" ShapeAmount="1"/>
    <Breakpoint Time="1" Level="0.6" Shape="Analog" ShapeAmount="1"/>
    <Breakpoint Time="2" Level="0.6" Shape="Analog" ShapeAmount="1"/>
    <Breakpoint Time="4" Level="0" Shape="Analog" ShapeAmount="1.708"/>
  </AmpEnvelope>
</Straightliner>
