<?xml version="1.0" encoding="UTF-8"?>

<Straightliner PatchFormat="1" MasterLevel="-7.16" VoiceLevelByKey="-13" VoiceLevelByVel="3"
               NumVoices="8" MasterLevelByVoices="0" MidSideRatio="0.5" MasterTuneA4="440"
               PitchWheelRange="12" GlideIsOn="0" GlideTime="50">
  <OscSection PatchFormat="1">
    <Osc1 PatchFormat="1" Level="-8.44" Tune="-12" StereoDetune="0.16"
          StereoDetuneHz="1.98" StartPhase="167" EvenOddPhaseShift="-65"
          EvenOddStereoPhaseShift="94" AudioFileRelativePath="Samples\SingleCycle\Classic\Saw.flac"
          Mute="0" LevelByKey="0" LevelByVel="0" Pan="0" MidSideRatio="0.5"
          StartPhaseByKey="0" StartPhaseByVel="0" TimeReverse="0" PolarityInvert="0"
          FullWavePhaseWarp="0" HalfWavePhaseWarp="0" CombHarmonic="1"
          CombAmount="0" DetuneHz="0" StereoDetuneSemitones="0.16" PitchModulationDepth="0"
          SpectralContrast="1" SpectralSlope="0" HighestHarmonicToKeep="1024"
          LowestHarmonicToKeep="1" PhaseScale="1" PhaseShift="0" EvenOddRatio="0.5"
          StereoPhaseShift="0"/>
    <Osc2 PatchFormat="1" Level="-10" StereoDetune="-0.17" StereoDetuneHz="-1.28"
          StartPhase="245" EvenOddPhaseShift="-23" StereoPhaseShift="-36"
          EvenOddStereoPhaseShift="-117" AudioFileRelativePath="Samples\SingleCycle\Classic\Saw.flac"
          Mute="0" LevelByKey="0" LevelByVel="0" Pan="0" MidSideRatio="0.5"
          StartPhaseByKey="0" StartPhaseByVel="0" TimeReverse="0" PolarityInvert="0"
          FullWavePhaseWarp="0" HalfWavePhaseWarp="0" CombHarmonic="1"
          CombAmount="0" Tune="0" DetuneHz="0" StereoDetuneSemitones="-0.17"
          PitchModulationDepth="0" SpectralContrast="1" SpectralSlope="0"
          HighestHarmonicToKeep="1024" LowestHarmonicToKeep="1" PhaseScale="1"
          PhaseShift="0" EvenOddRatio="0.5"/>
    <Osc3 PatchFormat="1" Level="-10" StereoDetune="0.23" StereoDetuneHz="0.47"
          StartPhase="71" StereoPhaseShift="-38" EvenOddStereoPhaseShift="46"
          AudioFileRelativePath="Samples\SingleCycle\Classic\Saw.flac"
          Mute="0" LevelByKey="0" LevelByVel="0" Pan="0" MidSideRatio="0.5"
          StartPhaseByKey="0" StartPhaseByVel="0" TimeReverse="0" PolarityInvert="0"
          FullWavePhaseWarp="0" HalfWavePhaseWarp="0" CombHarmonic="1"
          CombAmount="0" Tune="0" DetuneHz="0" StereoDetuneSemitones="0.23"
          PitchModulationDepth="0" SpectralContrast="1" SpectralSlope="0"
          HighestHarmonicToKeep="1024" LowestHarmonicToKeep="1" PhaseScale="1"
          PhaseShift="0" EvenOddRatio="0.5" EvenOddPhaseShift="0"/>
    <Osc4 PatchFormat="1" Level="-10.22" Tune="12" StereoDetune="-0.13"
          StereoDetuneHz="-1.11" StartPhase="255" StereoPhaseShift="-69"
          EvenOddStereoPhaseShift="52" AudioFileRelativePath="Samples\SingleCycle\Classic\Saw.flac"
          Mute="0" LevelByKey="0" LevelByVel="0" Pan="0" MidSideRatio="0.5"
          StartPhaseByKey="0" StartPhaseByVel="0" TimeReverse="0" PolarityInvert="0"
          FullWavePhaseWarp="0" HalfWavePhaseWarp="0" CombHarmonic="1"
          CombAmount="0" DetuneHz="0" StereoDetuneSemitones="-0.13" PitchModulationDepth="0"
          SpectralContrast="1" SpectralSlope="0" HighestHarmonicToKeep="1024"
          LowestHarmonicToKeep="1" PhaseScale="1" PhaseShift="0" EvenOddRatio="0.5"
          EvenOddPhaseShift="0"/>
  </OscSection>
  <Filter PatchFormat="1" Frequency="8572.77173" FrequencyByKey="38.6"
          FrequencyByVel="108.8" Resonance="0" Q="0.926161108" MakeUp="100"
          Mode="Lowpass 12 dB/oct" TwoStages="0">
    <ControllerMapping>
      <Frequency MidiCC="74" Min="1928.77676" Max="20000"/>
    </ControllerMapping>
  </Filter>
  <PitchEnvelope PatchFormat="1" TimeScale="0.5" Depth="0.07" ScaleFactor="1"
                 Offset="0" TimeScaleByKey="0" TimeScaleByVel="0" DepthByKey="0"
                 DepthByVel="0" SyncMode="1" LoopStartIndex="0" LoopEndIndex="1"
                 LoopMode="Off">
    <Breakpoint Time="0" Level="1" Shape="Analog" ShapeAmount="1"/>
    <Breakpoint Time="1" Level="1" Shape="Analog" ShapeAmount="1"/>
  </PitchEnvelope>
  <FilterEnvelope PatchFormat="1" DepthByVel="40" ScaleFactor="1" Offset="0" TimeScale="1"
                  TimeScaleByKey="0" TimeScaleByVel="0" Depth="1" DepthByKey="0"
                  SyncMode="1" LoopStartIndex="1" LoopEndIndex="2" LoopMode="Forward">
    <Breakpoint Time="0" Level="1" Shape="Analog" ShapeAmount="1"/>
    <Breakpoint Time="0.25" Level="0.25" Shape="Analog" ShapeAmount="1"/>
    <Breakpoint Time="1.25" Level="0.25" Shape="Smooth" ShapeAmount="1"/>
    <Breakpoint Time="1.75" Level="0.125" Shape="Analog" ShapeAmount="1"/>
  </FilterEnvelope>
  <AmpEnvelope PatchFormat="1" Depth="1.2" ScaleFactor="1" Offset="0" TimeScale="1"
               TimeScaleByKey="0" TimeScaleByVel="0" DepthByKey="0" DepthByVel="0"
               SyncMode="0" LoopStartIndex="2" LoopEndIndex="3" LoopMode="Forward">
    <Breakpoint Time="0" Level="0" Shape="Analog" ShapeAmount="1"/>
    <Breakpoint Time="0.0300677818" Level="1" Shape="Analog" ShapeAmount="1"/>
    <Breakpoint Time="0.75" Level="0.25" Shape="Analog" ShapeAmount="1"/>
    <Breakpoint Time="1" Level="0.25" Shape="Analog" ShapeAmount="1"/>
    <Breakpoint Time="1" Level="0.25" Shape="Linear" ShapeAmount="1"/>
    <Breakpoint Time="2.82214489" Level="0" Shape="Analog" ShapeAmount="1.97"/>
  </AmpEnvelope>
</Straightliner>
