<?xml version="1.0" encoding="UTF-8"?>

<Straightliner PatchFormat="1" MasterLevel="-14.09" VoiceLevelByKey="-15.82"
               GlideTime="39.23" NumVoices="8" VoiceLevelByVel="0" MasterLevelByVoices="0"
               MidSideRatio="0.5" MasterTuneA4="440" PitchWheelRange="12" GlideIsOn="1">
  <OscSection PatchFormat="1">
    <Osc1 PatchFormat="1" Level="-4.89" MidSide="0.3" StereoDetune="-0.15"
          StereoDetuneHz="-0.1" StartPhase="73" StereoPhaseShift="90" AudioFileRelativePath="Samples\SingleCycle\Classic\Saw.flac"
          Mute="0" LevelByKey="0" LevelByVel="0" Pan="0" MidSideRatio="0.3"
          StartPhaseByKey="0" StartPhaseByVel="0" TimeReverse="0" PolarityInvert="0"
          FullWavePhaseWarp="0" HalfWavePhaseWarp="0" CombHarmonic="1"
          CombAmount="0" Tune="0" DetuneHz="0" StereoDetuneSemitones="-0.15"
          PitchModulationDepth="0" SpectralContrast="1" SpectralSlope="0"
          HighestHarmonicToKeep="1024" LowestHarmonicToKeep="1" PhaseScale="1"
          PhaseShift="0" EvenOddRatio="0.5" EvenOddPhaseShift="0" EvenOddStereoPhaseShift="0"/>
    <Osc2 PatchFormat="1" Level="-6.02" MidSide="0.3" DetuneHz="0.5" StereoDetune="0.17"
          StereoDetuneHz="0.08" StartPhase="167" StereoPhaseShift="90"
          AudioFileRelativePath="Samples\SingleCycle\Classic\Saw.flac"
          Mute="0" LevelByKey="0" LevelByVel="0" Pan="0" MidSideRatio="0.3"
          StartPhaseByKey="0" StartPhaseByVel="0" TimeReverse="0" PolarityInvert="0"
          FullWavePhaseWarp="0" HalfWavePhaseWarp="0" CombHarmonic="1"
          CombAmount="0" Tune="0" StereoDetuneSemitones="0.17" PitchModulationDepth="0"
          SpectralContrast="1" SpectralSlope="0" HighestHarmonicToKeep="1024"
          LowestHarmonicToKeep="1" PhaseScale="1" PhaseShift="0" EvenOddRatio="0.5"
          EvenOddPhaseShift="0" EvenOddStereoPhaseShift="0"/>
    <Osc3 PatchFormat="1" Level="-0.44" MidSide="0.3" Tune="-12.3" StereoDetune="-0.19"
          StereoDetuneHz="-0.11" StartPhase="68" StereoPhaseShift="90"
          AudioFileRelativePath="Samples\SingleCycle\Classic\Saw.flac"
          Mute="0" LevelByKey="0" LevelByVel="0" Pan="0" MidSideRatio="0.3"
          StartPhaseByKey="0" StartPhaseByVel="0" TimeReverse="0" PolarityInvert="0"
          FullWavePhaseWarp="0" HalfWavePhaseWarp="0" CombHarmonic="1"
          CombAmount="0" DetuneHz="0" StereoDetuneSemitones="-0.19" PitchModulationDepth="0"
          SpectralContrast="1" SpectralSlope="0" HighestHarmonicToKeep="1024"
          LowestHarmonicToKeep="1" PhaseScale="1" PhaseShift="0" EvenOddRatio="0.5"
          EvenOddPhaseShift="0" EvenOddStereoPhaseShift="0"/>
    <Osc4 PatchFormat="1" Level="-3.56" MidSide="0.3" Tune="0.3" DetuneHz="0.22"
          StereoDetune="0.1" StereoDetuneHz="0.07" StartPhase="206" StereoPhaseShift="90"
          AudioFileRelativePath="Samples\SingleCycle\Classic\Saw.flac"
          Mute="0" LevelByKey="0" LevelByVel="0" Pan="0" MidSideRatio="0.3"
          StartPhaseByKey="0" StartPhaseByVel="0" TimeReverse="0" PolarityInvert="0"
          FullWavePhaseWarp="0" HalfWavePhaseWarp="0" CombHarmonic="1"
          CombAmount="0" StereoDetuneSemitones="0.1" PitchModulationDepth="0"
          SpectralContrast="1" SpectralSlope="0" HighestHarmonicToKeep="1024"
          LowestHarmonicToKeep="1" PhaseScale="1" PhaseShift="0" EvenOddRatio="0.5"
          EvenOddPhaseShift="0" EvenOddStereoPhaseShift="0"/>
  </OscSection>
  <Filter PatchFormat="1" Frequency="712.115593" FrequencyByKey="64" Resonance="34.6456693"
          Q="2.46537728" MakeUp="100" Mode="Lowpass 12 dB/oct" FrequencyByVel="0"
          TwoStages="0">
    <ControllerMapping>
      <Frequency MidiCC="74" Min="291.62389" Max="2208.68328"/>
    </ControllerMapping>
  </Filter>
  <PitchEnvelope PatchFormat="1" TimeScale="1.35318926" TimeScaleByKey="-70" Depth="2.4"
                 DepthByKey="59" DepthByVel="31" ScaleFactor="1" Offset="0" TimeScaleByVel="0"
                 SyncMode="0" LoopStartIndex="0" LoopEndIndex="1" LoopMode="Off">
    <Breakpoint Time="0" Level="1" Shape="Analog" ShapeAmount="1"/>
    <Breakpoint Time="1" Level="1" Shape="Analog" ShapeAmount="1"/>
  </PitchEnvelope>
  <FilterEnvelope PatchFormat="1" Depth="2.76363636" DepthByVel="48" ScaleFactor="1"
                  Offset="0" TimeScale="1" TimeScaleByKey="0" TimeScaleByVel="0"
                  DepthByKey="0" SyncMode="1" LoopStartIndex="1" LoopEndIndex="3"
                  LoopMode="Forward">
    <Breakpoint Time="0" Level="2.17115826" Shape="Analog" ShapeAmount="1"/>
    <Breakpoint Time="0.5" Level="1" Shape="Analog" ShapeAmount="1"/>
    <Breakpoint Time="0.75" Level="1.04740402" Shape="Analog" ShapeAmount="1"/>
    <Breakpoint Time="1" Level="1" Shape="Analog" ShapeAmount="1"/>
    <Breakpoint Time="1.25" Level="0.625" Shape="Analog" ShapeAmount="1"/>
  </FilterEnvelope>
  <AmpEnvelope PatchFormat="1" TimeScale="2" ScaleFactor="1" Offset="0" TimeScaleByKey="0"
               TimeScaleByVel="0" Depth="1" DepthByKey="0" DepthByVel="0" SyncMode="1"
               LoopStartIndex="1" LoopEndIndex="3" LoopMode="Forward">
    <Breakpoint Time="0" Level="1" Shape="Analog" ShapeAmount="1"/>
    <Breakpoint Time="1" Level="0.375" Shape="Analog" ShapeAmount="0.82"/>
    <Breakpoint Time="1.25" Level="0.5" Shape="Analog" ShapeAmount="1.974"/>
    <Breakpoint Time="1.5" Level="0.375" Shape="Analog" ShapeAmount="1.974"/>
    <Breakpoint Time="1.75" Level="-0" Shape="Analog" ShapeAmount="1.974"/>
    <Breakpoint Time="2.25" Level="0" Shape="Analog" ShapeAmount="1.974"/>
  </AmpEnvelope>
</Straightliner>
