<?xml version="1.0" encoding="UTF-8"?>

<Straightliner PatchFormat="1" MasterLevel="-12.44" VoiceLevelByKey="-7" NumVoices="8"
               VoiceLevelByVel="0" MasterLevelByVoices="0" MidSideRatio="0.5"
               MasterTuneA4="440" PitchWheelRange="12" GlideIsOn="0" GlideTime="50">
  <OscSection PatchFormat="1">
    <Osc1 PatchFormat="1" Level="-4.89" StereoDetune="-0.33" StartPhase="73"
          SpectralContrast="1.16" SpectralSlope="-1" StereoPhaseShift="90"
          AudioFileRelativePath="Samples\SingleCycle\Randomish\RandomishSeed005.flac"
          Mute="0" LevelByKey="0" LevelByVel="0" Pan="0" MidSideRatio="0.5"
          StartPhaseByKey="0" StartPhaseByVel="0" TimeReverse="0" PolarityInvert="0"
          FullWavePhaseWarp="0" HalfWavePhaseWarp="0" CombHarmonic="1"
          CombAmount="0" Tune="0" DetuneHz="0" StereoDetuneSemitones="-0.33"
          StereoDetuneHz="0" PitchModulationDepth="0" HighestHarmonicToKeep="1024"
          LowestHarmonicToKeep="1" PhaseScale="1" PhaseShift="0" EvenOddRatio="0.5"
          EvenOddPhaseShift="0" EvenOddStereoPhaseShift="0"/>
    <Osc2 PatchFormat="1" Level="-6.02" DetuneHz="0.5" StereoDetune="0.25"
          StartPhase="167" SpectralContrast="1.17" SpectralSlope="-0.87"
          StereoPhaseShift="90" AudioFileRelativePath="Samples\SingleCycle\Randomish\RandomishSeed011.flac"
          Mute="0" LevelByKey="0" LevelByVel="0" Pan="0" MidSideRatio="0.5"
          StartPhaseByKey="0" StartPhaseByVel="0" TimeReverse="0" PolarityInvert="0"
          FullWavePhaseWarp="0" HalfWavePhaseWarp="0" CombHarmonic="1"
          CombAmount="0" Tune="0" StereoDetuneSemitones="0.25" StereoDetuneHz="0"
          PitchModulationDepth="0" HighestHarmonicToKeep="1024" LowestHarmonicToKeep="1"
          PhaseScale="1" PhaseShift="0" EvenOddRatio="0.5" EvenOddPhaseShift="0"
          EvenOddStereoPhaseShift="0"/>
    <Osc3 PatchFormat="1" Level="-0.44" StereoDetune="-0.19" StereoDetuneHz="-0.11"
          StartPhase="98" SpectralContrast="1.24" StereoPhaseShift="90"
          AudioFileRelativePath="Samples\SingleCycle\Randomish\RandomishSeed015.flac"
          Mute="0" LevelByKey="0" LevelByVel="0" Pan="0" MidSideRatio="0.5"
          StartPhaseByKey="0" StartPhaseByVel="0" TimeReverse="0" PolarityInvert="0"
          FullWavePhaseWarp="0" HalfWavePhaseWarp="0" CombHarmonic="1"
          CombAmount="0" Tune="0" DetuneHz="0" StereoDetuneSemitones="-0.19"
          PitchModulationDepth="0" SpectralSlope="0" HighestHarmonicToKeep="1024"
          LowestHarmonicToKeep="1" PhaseScale="1" PhaseShift="0" EvenOddRatio="0.5"
          EvenOddPhaseShift="0" EvenOddStereoPhaseShift="0"/>
    <Osc4 PatchFormat="1" Level="-6.22" Tune="-12" DetuneHz="0.22" StereoDetune="0.17"
          StartPhase="272" SpectralContrast="0.99" SpectralSlope="-0.31"
          StereoPhaseShift="90" AudioFileRelativePath="Samples\SingleCycle\Randomish\RandomishSeed015.flac"
          Mute="0" LevelByKey="0" LevelByVel="0" Pan="0" MidSideRatio="0.5"
          StartPhaseByKey="0" StartPhaseByVel="0" TimeReverse="0" PolarityInvert="0"
          FullWavePhaseWarp="0" HalfWavePhaseWarp="0" CombHarmonic="1"
          CombAmount="0" StereoDetuneSemitones="0.17" StereoDetuneHz="0"
          PitchModulationDepth="0" HighestHarmonicToKeep="1024" LowestHarmonicToKeep="1"
          PhaseScale="1" PhaseShift="0" EvenOddRatio="0.5" EvenOddPhaseShift="0"
          EvenOddStereoPhaseShift="0"/>
  </OscSection>
  <Filter PatchFormat="1" Frequency="3911.72737" FrequencyByKey="50" Resonance="5.51181102"
          MakeUp="100" Drive="-1.07" Order="1" Mode="Moogish Lowpass" FrequencyByVel="0"
          PreAllpass="20000"/>
  <PitchEnvelope PatchFormat="1" TimeScale="1.35318926" TimeScaleByKey="-70" Depth="2.4"
                 DepthByKey="59" DepthByVel="31" ScaleFactor="1" Offset="0" TimeScaleByVel="0"
                 SyncMode="0" LoopStartIndex="0" LoopEndIndex="1" LoopMode="Off">
    <Breakpoint Time="0" Level="1" Shape="Analog" ShapeAmount="1"/>
    <Breakpoint Time="1" Level="1" Shape="Analog" ShapeAmount="1"/>
  </PitchEnvelope>
  <FilterEnvelope PatchFormat="1" TimeScale="2" Depth="0.5" ScaleFactor="1" Offset="0"
                  TimeScaleByKey="0" TimeScaleByVel="0" DepthByKey="0" DepthByVel="0"
                  SyncMode="1" LoopStartIndex="0" LoopEndIndex="4" LoopMode="Forward">
    <Breakpoint Time="0" Level="1" Shape="Analog" ShapeAmount="1"/>
    <Breakpoint Time="0.25" Level="0.125" Shape="Analog" ShapeAmount="1"/>
    <Breakpoint Time="0.5625" Level="0.75" Shape="Analog" ShapeAmount="1"/>
    <Breakpoint Time="0.9375" Level="0.375" Shape="Analog" ShapeAmount="1"/>
    <Breakpoint Time="1" Level="1" Shape="Analog" ShapeAmount="1"/>
    <Breakpoint Time="1.25" Level="0.25" Shape="Analog" ShapeAmount="1"/>
    <Breakpoint Time="2" Level="0.125" Shape="Analog" ShapeAmount="1"/>
  </FilterEnvelope>
  <AmpEnvelope PatchFormat="1" ScaleFactor="1" Offset="0" TimeScale="1" TimeScaleByKey="0"
               TimeScaleByVel="0" Depth="1" DepthByKey="0" DepthByVel="0" SyncMode="1"
               LoopStartIndex="0" LoopEndIndex="7" LoopMode="Forward">
    <Breakpoint Time="0" Level="0" Shape="Analog" ShapeAmount="1"/>
    <Breakpoint Time="0.015625" Level="1" Shape="Analog" ShapeAmount="1"/>
    <Breakpoint Time="0.25" Level="0.0625" Shape="Analog" ShapeAmount="1"/>
    <Breakpoint Time="0.375" Level="0.875" Shape="Analog" ShapeAmount="1"/>
    <Breakpoint Time="0.5" Level="0.0625" Shape="Analog" ShapeAmount="1"/>
    <Breakpoint Time="0.625" Level="1" Shape="Analog" ShapeAmount="1"/>
    <Breakpoint Time="0.875" Level="1" Shape="Analog" ShapeAmount="1"/>
    <Breakpoint Time="1" Level="-0" Shape="Analog" ShapeAmount="1"/>
    <Breakpoint Time="1.0625" Level="0.5" Shape="Analog" ShapeAmount="1"/>
    <Breakpoint Time="1.1875" Level="0.125" Shape="Analog" ShapeAmount="1"/>
    <Breakpoint Time="4.4375" Level="0" Shape="Analog" ShapeAmount="1.688"/>
  </AmpEnvelope>
</Straightliner>
