<?xml version="1.0" encoding="UTF-8"?>

<Straightliner PatchFormat="1" MasterLevel="-1.04" VoiceLevelByKey="-12.2710227"
               MidSideRatio="0.4" NumVoices="8" VoiceLevelByVel="0" MasterLevelByVoices="0"
               MasterTuneA4="440" PitchWheelRange="12" GlideIsOn="0" GlideTime="50">
  <OscSection PatchFormat="1">
    <Osc1 PatchFormat="1" Level="-10.67" StereoDetune="0.1" StereoDetuneHz="1"
          StartPhase="167" FullWaveWarp="0.0069609375" EvenOddPhaseShift="-65"
          EvenOddStereoPhaseShift="94" AudioFileRelativePath="Samples\SingleCycle\Classic\SquareRC_k06.flac"
          Mute="0" LevelByKey="0" LevelByVel="0" Pan="0" MidSideRatio="0.5"
          StartPhaseByKey="0" StartPhaseByVel="0" TimeReverse="0" PolarityInvert="0"
          FullWavePhaseWarp="0.0069609375" HalfWavePhaseWarp="0" CombHarmonic="1"
          CombAmount="0" Tune="0" DetuneHz="0" StereoDetuneSemitones="0.1"
          PitchModulationDepth="0" SpectralContrast="1" SpectralSlope="0"
          HighestHarmonicToKeep="1024" LowestHarmonicToKeep="1" PhaseScale="1"
          PhaseShift="0" EvenOddRatio="0.5" StereoPhaseShift="0"/>
    <Osc2 PatchFormat="1" Level="-9.33" StereoDetune="-0.07" StereoDetuneHz="-0.7"
          StartPhase="245" EvenOddPhaseShift="-23" StereoPhaseShift="-36"
          EvenOddStereoPhaseShift="-117" AudioFileRelativePath="Samples\SingleCycle\Classic\SawRC_k06.flac"
          Mute="0" LevelByKey="0" LevelByVel="0" Pan="0" MidSideRatio="0.5"
          StartPhaseByKey="0" StartPhaseByVel="0" TimeReverse="0" PolarityInvert="0"
          FullWavePhaseWarp="0" HalfWavePhaseWarp="0" CombHarmonic="1"
          CombAmount="0" Tune="0" DetuneHz="0" StereoDetuneSemitones="-0.07"
          PitchModulationDepth="0" SpectralContrast="1" SpectralSlope="0"
          HighestHarmonicToKeep="1024" LowestHarmonicToKeep="1" PhaseScale="1"
          PhaseShift="0" EvenOddRatio="0.5"/>
    <Osc3 PatchFormat="1" Level="-10" StereoDetune="0.23" StartPhase="71"
          StereoPhaseShift="-38" EvenOddStereoPhaseShift="46" AudioFileRelativePath="Samples\SingleCycle\Classic\SawRC_k06.flac"
          Mute="0" LevelByKey="0" LevelByVel="0" Pan="0" MidSideRatio="0.5"
          StartPhaseByKey="0" StartPhaseByVel="0" TimeReverse="0" PolarityInvert="0"
          FullWavePhaseWarp="0" HalfWavePhaseWarp="0" CombHarmonic="1"
          CombAmount="0" Tune="0" DetuneHz="0" StereoDetuneSemitones="0.23"
          StereoDetuneHz="0" PitchModulationDepth="0" SpectralContrast="1"
          SpectralSlope="0" HighestHarmonicToKeep="1024" LowestHarmonicToKeep="1"
          PhaseScale="1" PhaseShift="0" EvenOddRatio="0.5" EvenOddPhaseShift="0"/>
    <Osc4 PatchFormat="1" Level="-8.44" StereoDetune="-0.13" StartPhase="255"
          StereoPhaseShift="-69" EvenOddStereoPhaseShift="52" AudioFileRelativePath="Samples\SingleCycle\Classic\SawRC_k06.flac"
          Mute="0" LevelByKey="0" LevelByVel="0" Pan="0" MidSideRatio="0.5"
          StartPhaseByKey="0" StartPhaseByVel="0" TimeReverse="0" PolarityInvert="0"
          FullWavePhaseWarp="0" HalfWavePhaseWarp="0" CombHarmonic="1"
          CombAmount="0" Tune="0" DetuneHz="0" StereoDetuneSemitones="-0.13"
          StereoDetuneHz="0" PitchModulationDepth="0" SpectralContrast="1"
          SpectralSlope="0" HighestHarmonicToKeep="1024" LowestHarmonicToKeep="1"
          PhaseScale="1" PhaseShift="0" EvenOddRatio="0.5" EvenOddPhaseShift="0"/>
  </OscSection>
  <Filter PatchFormat="1" Frequency="985.520362" FrequencyByKey="100" Resonance="0"
          Q="1.789" MakeUp="100" Mode="Bandpass 2*6 dB/oct" FrequencyByVel="0"
          TwoStages="0">
    <ControllerMapping>
      <Frequency MidiCC="74" Min="303.481595" Max="2423.37243"/>
    </ControllerMapping>
  </Filter>
  <PitchEnvelope PatchFormat="1" TimeScale="0.635275614" TimeScaleByVel="-150"
                 Depth="1.7" DepthByVel="100" ScaleFactor="1" Offset="0" TimeScaleByKey="0"
                 DepthByKey="0" SyncMode="0" LoopStartIndex="0" LoopEndIndex="1"
                 LoopMode="Off">
    <Breakpoint Time="0" Level="1" Shape="Analog" ShapeAmount="1"/>
    <Breakpoint Time="1" Level="1" Shape="Analog" ShapeAmount="1"/>
  </PitchEnvelope>
  <FilterEnvelope PatchFormat="1" TimeScale="0.5" ScaleFactor="1" Offset="0" TimeScaleByKey="0"
                  TimeScaleByVel="0" Depth="1" DepthByKey="0" DepthByVel="0" SyncMode="1"
                  LoopStartIndex="3" LoopEndIndex="7" LoopMode="Forward">
    <Breakpoint Time="0" Level="2" Shape="Analog" ShapeAmount="1"/>
    <Breakpoint Time="0.25" Level="0.5" Shape="Analog" ShapeAmount="1"/>
    <Breakpoint Time="0.5" Level="1.5" Shape="Analog" ShapeAmount="1"/>
    <Breakpoint Time="1" Level="1" Shape="Analog" ShapeAmount="1"/>
    <Breakpoint Time="1.25" Level="0.75" Shape="Smooth" ShapeAmount="1"/>
    <Breakpoint Time="1.5" Level="1.25" Shape="Smooth" ShapeAmount="1"/>
    <Breakpoint Time="1.75" Level="0.75" Shape="Smooth" ShapeAmount="1"/>
    <Breakpoint Time="2" Level="1" Shape="Smooth" ShapeAmount="1"/>
    <Breakpoint Time="2.61607843" Level="1.348" Shape="Analog" ShapeAmount="1.233"/>
  </FilterEnvelope>
  <AmpEnvelope PatchFormat="1" ScaleFactor="1" Offset="0" TimeScale="1" TimeScaleByKey="0"
               TimeScaleByVel="0" Depth="1" DepthByKey="0" DepthByVel="0" SyncMode="1"
               LoopStartIndex="2" LoopEndIndex="3" LoopMode="Forward">
    <Breakpoint Time="0" Level="0" Shape="Analog" ShapeAmount="1"/>
    <Breakpoint Time="0.25" Level="1" Shape="Analog" ShapeAmount="1"/>
    <Breakpoint Time="0.75" Level="0.75" Shape="Analog" ShapeAmount="1"/>
    <Breakpoint Time="1" Level="0.75" Shape="Analog" ShapeAmount="1"/>
    <Breakpoint Time="1.25" Level="0.1205" Shape="Smooth" ShapeAmount="1.299"/>
    <Breakpoint Time="2" Level="0.3185" Shape="Smooth" ShapeAmount="1.299"/>
    <Breakpoint Time="4" Level="0" Shape="Analog" ShapeAmount="1.299"/>
  </AmpEnvelope>
</Straightliner>
