<?xml version="1.0" encoding="UTF-8"?>

<Straightliner PatchFormat="1" MasterLevel="-8.5923913" VoiceLevelByKey="-4.75568182"
               VoiceLevelByVel="1.97088068" GlideTime="50" MasterTuneA4="440"
               PitchWheelRange="12" NumVoices="8" MasterLevelByVoices="0" MidSideRatio="0.5"
               GlideIsOn="0">
  <OscSection PatchFormat="1">
    <Osc1 PatchFormat="1" AudioFileRelativePath="Samples\SingleCycle\Classic\Saw.flac"
          Mute="0" Level="-1.62162162" LevelByKey="0" LevelByVel="0" Pan="0"
          MidSideRatio="0.3484375" StartPhase="0" StartPhaseByKey="0" StartPhaseByVel="0"
          TimeReverse="0" PolarityInvert="0" FullWavePhaseWarp="0" HalfWavePhaseWarp="0"
          Tune="-0.2" DetuneHz="0.703125" StereoDetuneSemitones="0" StereoDetuneHz="-0.421875"
          PitchModulationDepth="0" SpectralContrast="1" SpectralSlope="0"
          HighestHarmonicToKeep="1024" LowestHarmonicToKeep="1" EvenOddRatio="0"
          EvenOddPhaseShift="0" StereoPhaseShift="-90" EvenOddStereoPhaseShift="0"/>
    <Osc2 PatchFormat="1" AudioFileRelativePath="Samples\SingleCycle\Classic\Saw.flac"
          Mute="0" Level="-7.45945946" LevelByKey="0" LevelByVel="0" Pan="0"
          MidSideRatio="0.35234375" StartPhase="0" StartPhaseByKey="0"
          StartPhaseByVel="0" TimeReverse="0" PolarityInvert="0" FullWavePhaseWarp="0"
          HalfWavePhaseWarp="0" Tune="0.2" DetuneHz="-2.109375" StereoDetuneSemitones="0"
          StereoDetuneHz="0.421875" PitchModulationDepth="0" SpectralContrast="1"
          SpectralSlope="0" HighestHarmonicToKeep="1024" LowestHarmonicToKeep="1"
          EvenOddRatio="1" EvenOddPhaseShift="90" StereoPhaseShift="0"
          EvenOddStereoPhaseShift="0"/>
    <Osc3 PatchFormat="1" AudioFileRelativePath="Samples\SingleCycle\Synthetic\ClippedSinOcts.wav"
          Mute="0" Level="-7.45945946" LevelByKey="0" LevelByVel="0" Pan="0"
          MidSideRatio="0.5" StartPhase="0" StartPhaseByKey="0" StartPhaseByVel="0"
          TimeReverse="0" PolarityInvert="0" FullWavePhaseWarp="0" HalfWavePhaseWarp="0"
          Tune="-12" DetuneHz="0" StereoDetuneSemitones="0" StereoDetuneHz="0"
          PitchModulationDepth="1" SpectralContrast="1" SpectralSlope="0"
          HighestHarmonicToKeep="1024" LowestHarmonicToKeep="1" EvenOddRatio="0.5"
          EvenOddPhaseShift="-90" StereoPhaseShift="0" EvenOddStereoPhaseShift="0"/>
    <Osc4 PatchFormat="1" AudioFileRelativePath="Samples\SingleCycle\Classic\Saw.flac"
          Mute="1" Level="0" LevelByKey="0" LevelByVel="0" Pan="0" MidSideRatio="0.5"
          StartPhase="0" StartPhaseByKey="0" StartPhaseByVel="0" TimeReverse="0"
          PolarityInvert="0" FullWavePhaseWarp="0" HalfWavePhaseWarp="0"
          Tune="0" DetuneHz="0" StereoDetuneSemitones="0" StereoDetuneHz="0"
          PitchModulationDepth="0" SpectralContrast="1" SpectralSlope="0"
          HighestHarmonicToKeep="1024" LowestHarmonicToKeep="1" EvenOddRatio="0.5"
          EvenOddPhaseShift="0" StereoPhaseShift="0" EvenOddStereoPhaseShift="0"/>
  </OscSection>
  <Filter PatchFormat="1" Mode="Moogish Lowpass" Frequency="429.463785"
          FrequencyByKey="35.0877193" FrequencyByVel="35.0877193" Resonance="2.97286184"
          Drive="0" Order="2" PreAllpass="20000" MakeUp="100"/>
  <PitchEnvelope PatchFormat="1" ScaleFactor="1" Offset="0" TimeScale="0.25" TimeScaleByKey="0"
                 TimeScaleByVel="0" Depth="0.0508522727" DepthByKey="0" DepthByVel="0"
                 SyncMode="1" LoopStartIndex="0" LoopEndIndex="3" LoopMode="Forward">
    <Breakpoint Time="0" Level="1" Shape="Analog" ShapeAmount="1"/>
    <Breakpoint Time="0.25" Level="1.25" Shape="Sine 1" ShapeAmount="1"/>
    <Breakpoint Time="0.75" Level="0.75" Shape="Smooth" ShapeAmount="1"/>
    <Breakpoint Time="1" Level="1" Shape="Sine 2" ShapeAmount="1"/>
  </PitchEnvelope>
  <FilterEnvelope PatchFormat="1" ScaleFactor="1" Offset="0" TimeScale="4.53725009"
                  TimeScaleByKey="-30" TimeScaleByVel="-31" Depth="2.14545455"
                  DepthByKey="0" DepthByVel="43" SyncMode="1" LoopStartIndex="1"
                  LoopEndIndex="2" LoopMode="Forward">
    <Breakpoint Time="0" Level="4.03" Shape="Analog" ShapeAmount="1"/>
    <Breakpoint Time="0.5" Level="1" Shape="Analog" ShapeAmount="1.05"/>
    <Breakpoint Time="1" Level="1" Shape="Analog" ShapeAmount="1"/>
    <Breakpoint Time="1.5" Level="1" Shape="Analog" ShapeAmount="1"/>
  </FilterEnvelope>
  <AmpEnvelope PatchFormat="1" ScaleFactor="1" Offset="0" TimeScale="1.49673435"
               TimeScaleByKey="-37" TimeScaleByVel="0" Depth="1" DepthByKey="0"
               DepthByVel="0" SyncMode="0" LoopStartIndex="2" LoopEndIndex="3"
               LoopMode="Forward">
    <Breakpoint Time="0" Level="-0" Shape="Analog" ShapeAmount="1"/>
    <Breakpoint Time="0.00258964497" Level="1" Shape="Analog" ShapeAmount="1.52"/>
    <Breakpoint Time="0.337762049" Level="0.5" Shape="Analog" ShapeAmount="1.52"/>
    <Breakpoint Time="0.419055724" Level="0.5" Shape="Analog" ShapeAmount="1.52"/>
    <Breakpoint Time="1.05179856" Level="0" Shape="Analog" ShapeAmount="1.52"/>
  </AmpEnvelope>
</Straightliner>
