<?xml version="1.0" encoding="UTF-8"?>

<Straightliner PatchFormat="1" MasterLevel="-11.2" VoiceLevelByKey="-5" VoiceLevelByVel="4"
               NumVoices="8" MasterLevelByVoices="0" MidSideRatio="0.5" MasterTuneA4="440"
               PitchWheelRange="12" GlideIsOn="0" GlideTime="50">
  <OscSection PatchFormat="1">
    <Osc1 PatchFormat="1" MidSide="0.203488372" Tune="-2.04" StereoDetune="0.07"
          StereoDetuneHz="0.2" PitchModulationDepth="1" StartPhase="0"
          AudioFileRelativePath="Samples\SingleCycle\Synthetic\BarFreeFree.flac"
          Mute="0" Level="0" LevelByKey="0" LevelByVel="0" Pan="0" MidSideRatio="0.203488372"
          StartPhaseByKey="0" StartPhaseByVel="0" TimeReverse="0" PolarityInvert="0"
          FullWavePhaseWarp="0" HalfWavePhaseWarp="0" CombHarmonic="1"
          CombAmount="0" DetuneHz="0" StereoDetuneSemitones="0.07" SpectralContrast="1"
          SpectralSlope="0" HighestHarmonicToKeep="1024" LowestHarmonicToKeep="1"
          PhaseScale="1" PhaseShift="0" EvenOddRatio="0.5" EvenOddPhaseShift="0"
          StereoPhaseShift="0" EvenOddStereoPhaseShift="0"/>
    <Osc2 PatchFormat="1" Level="2.12" Tune="12" PitchModulationDepth="1"
          StartPhase="0" SpectralSlope="-3.14" HighestHarmonic="4" EvenOddRatio="0.84"
          EvenOddStereoPhaseShift="90" AudioFileRelativePath="Samples\SingleCycle\Classic\Saw.flac"
          Mute="0" LevelByKey="0" LevelByVel="0" Pan="0" MidSideRatio="0.5"
          StartPhaseByKey="0" StartPhaseByVel="0" TimeReverse="0" PolarityInvert="0"
          FullWavePhaseWarp="0" HalfWavePhaseWarp="0" CombHarmonic="1"
          CombAmount="0" DetuneHz="0" StereoDetuneSemitones="0" StereoDetuneHz="0"
          SpectralContrast="1" HighestHarmonicToKeep="4" LowestHarmonicToKeep="1"
          PhaseScale="1" PhaseShift="0" EvenOddPhaseShift="0" StereoPhaseShift="0"/>
    <Osc3 PatchFormat="1" Level="-9.88235294" MidSide="0.25" Tune="6.328125"
          StereoDetune="0.0600290698" StereoDetuneHz="0.708393895" StartPhase="0"
          AudioFileRelativePath="Samples\SingleCycle\OctavesOfPrimeMultiples\SinOPM_h01.flac"
          Mute="1" LevelByKey="0" LevelByVel="0" Pan="0" MidSideRatio="0.25"
          StartPhaseByKey="0" StartPhaseByVel="0" TimeReverse="0" PolarityInvert="0"
          FullWavePhaseWarp="0" HalfWavePhaseWarp="0" CombHarmonic="1"
          CombAmount="0" DetuneHz="0" StereoDetuneSemitones="0.0600290698"
          PitchModulationDepth="0" SpectralContrast="1" SpectralSlope="0"
          HighestHarmonicToKeep="1024" LowestHarmonicToKeep="1" PhaseScale="1"
          PhaseShift="0" EvenOddRatio="0.5" EvenOddPhaseShift="0" StereoPhaseShift="0"
          EvenOddStereoPhaseShift="0"/>
    <Osc4 PatchFormat="1" StartPhase="0" AudioFileRelativePath="Samples\SingleCycle\Classic\Saw.flac"
          Mute="1" Level="0" LevelByKey="0" LevelByVel="0" Pan="0" MidSideRatio="0.5"
          StartPhaseByKey="0" StartPhaseByVel="0" TimeReverse="0" PolarityInvert="0"
          FullWavePhaseWarp="0" HalfWavePhaseWarp="0" CombHarmonic="1"
          CombAmount="0" Tune="0" DetuneHz="0" StereoDetuneSemitones="0"
          StereoDetuneHz="0" PitchModulationDepth="0" SpectralContrast="1"
          SpectralSlope="0" HighestHarmonicToKeep="1024" LowestHarmonicToKeep="1"
          PhaseScale="1" PhaseShift="0" EvenOddRatio="0.5" EvenOddPhaseShift="0"
          StereoPhaseShift="0" EvenOddStereoPhaseShift="0"/>
  </OscSection>
  <Filter PatchFormat="1" Frequency="1510.29801" FrequencyByKey="27.4"
          FrequencyByVel="17" Resonance="0" Q="0.707106781" MakeUp="100"
          Mode="Lowpass 12 dB/oct" TwoStages="0">
    <ControllerMapping>
      <Frequency MidiCC="74" Min="480.243815" Max="3431.25081"/>
    </ControllerMapping>
  </Filter>
  <PitchEnvelope PatchFormat="1" TimeScale="2" Depth="0.0237215909" DepthByKey="-10"
                 ScaleFactor="1" Offset="0" TimeScaleByKey="0" TimeScaleByVel="0"
                 DepthByVel="0" SyncMode="1" LoopStartIndex="16" LoopEndIndex="18"
                 LoopMode="Forward">
    <Breakpoint Time="0" Level="1" Shape="Smooth" ShapeAmount="1"/>
    <Breakpoint Time="0.01" Level="1" Shape="Smooth" ShapeAmount="1"/>
    <Breakpoint Time="0.0625" Level="1.0625" Shape="Smooth" ShapeAmount="1"/>
    <Breakpoint Time="0.125" Level="0.9375" Shape="Smooth" ShapeAmount="1"/>
    <Breakpoint Time="0.1875" Level="1.125" Shape="Smooth" ShapeAmount="1"/>
    <Breakpoint Time="0.25" Level="0.875" Shape="Smooth" ShapeAmount="1"/>
    <Breakpoint Time="0.3125" Level="1.1875" Shape="Smooth" ShapeAmount="1"/>
    <Breakpoint Time="0.375" Level="0.8125" Shape="Smooth" ShapeAmount="1"/>
    <Breakpoint Time="0.4375" Level="1.25" Shape="Smooth" ShapeAmount="1"/>
    <Breakpoint Time="0.5" Level="0.75" Shape="Smooth" ShapeAmount="1"/>
    <Breakpoint Time="0.5625" Level="1.3125" Shape="Smooth" ShapeAmount="1"/>
    <Breakpoint Time="0.625" Level="0.6875" Shape="Smooth" ShapeAmount="1"/>
    <Breakpoint Time="0.6875" Level="1.375" Shape="Smooth" ShapeAmount="1"/>
    <Breakpoint Time="0.75" Level="0.625" Shape="Smooth" ShapeAmount="1"/>
    <Breakpoint Time="0.8125" Level="1.4375" Shape="Smooth" ShapeAmount="1"/>
    <Breakpoint Time="0.875" Level="0.5625" Shape="Smooth" ShapeAmount="1"/>
    <Breakpoint Time="0.9375" Level="1.5" Shape="Smooth" ShapeAmount="1"/>
    <Breakpoint Time="1" Level="0.5" Shape="Smooth" ShapeAmount="1"/>
    <Breakpoint Time="1.0625" Level="1.5" Shape="Smooth" ShapeAmount="1"/>
    <Breakpoint Time="1.125" Level="0.5625" Shape="Smooth" ShapeAmount="1"/>
    <Breakpoint Time="1.1875" Level="1.4375" Shape="Smooth" ShapeAmount="1"/>
    <Breakpoint Time="1.25" Level="0.625" Shape="Smooth" ShapeAmount="1"/>
    <Breakpoint Time="1.3125" Level="1.375" Shape="Smooth" ShapeAmount="1"/>
    <Breakpoint Time="1.375" Level="0.6875" Shape="Smooth" ShapeAmount="1"/>
    <Breakpoint Time="1.4375" Level="1.3125" Shape="Smooth" ShapeAmount="1"/>
    <Breakpoint Time="1.5" Level="0.75" Shape="Smooth" ShapeAmount="1"/>
    <Breakpoint Time="1.5625" Level="1.25" Shape="Smooth" ShapeAmount="1"/>
    <Breakpoint Time="1.625" Level="0.8125" Shape="Smooth" ShapeAmount="1"/>
    <Breakpoint Time="1.6875" Level="1.1875" Shape="Smooth" ShapeAmount="1"/>
    <Breakpoint Time="1.75" Level="0.875" Shape="Smooth" ShapeAmount="1"/>
    <Breakpoint Time="1.8125" Level="1.125" Shape="Smooth" ShapeAmount="1"/>
    <Breakpoint Time="1.875" Level="0.9375" Shape="Smooth" ShapeAmount="1"/>
    <Breakpoint Time="1.9375" Level="1.0625" Shape="Smooth" ShapeAmount="1"/>
    <Breakpoint Time="2" Level="1" Shape="Smooth" ShapeAmount="1"/>
    <Breakpoint Time="2.1875" Level="1" Shape="Smooth" ShapeAmount="1"/>
  </PitchEnvelope>
  <FilterEnvelope PatchFormat="1" TimeScaleByKey="-16" Depth="2.18181818" DepthByVel="80"
                  ScaleFactor="1" Offset="0" TimeScale="1" TimeScaleByVel="0" DepthByKey="0"
                  SyncMode="0" LoopStartIndex="1" LoopEndIndex="2" LoopMode="Forward">
    <Breakpoint Time="0" Level="2" Shape="Analog" ShapeAmount="1"/>
    <Breakpoint Time="0.4" Level="1" Shape="Analog" ShapeAmount="1"/>
    <Breakpoint Time="1" Level="1" Shape="Analog" ShapeAmount="1"/>
    <Breakpoint Time="2.94201258" Level="-0" Shape="Analog" ShapeAmount="1"/>
  </FilterEnvelope>
  <AmpEnvelope PatchFormat="1" TimeScale="0.859648141" TimeScaleByKey="-24"
               ScaleFactor="1" Offset="0" TimeScaleByVel="0" Depth="1" DepthByKey="0"
               DepthByVel="0" SyncMode="0" LoopStartIndex="0" LoopEndIndex="3"
               LoopMode="Off">
    <Breakpoint Time="0" Level="-0" Shape="Analog" ShapeAmount="1"/>
    <Breakpoint Time="0.00258964497" Level="1" Shape="Analog" ShapeAmount="1.52"/>
    <Breakpoint Time="0.125" Level="0.5" Shape="Analog" ShapeAmount="1.52"/>
    <Breakpoint Time="2.08596589" Level="0" Shape="Analog" ShapeAmount="1.52"/>
  </AmpEnvelope>
</Straightliner>
