<?xml version="1.0" encoding="UTF-8"?>

<Straightliner PatchFormat="1" MasterLevel="-9.7" VoiceLevelByKey="-15" VoiceLevelByVel="4"
               NumVoices="8" MasterLevelByVoices="0" MidSideRatio="0.5" MasterTuneA4="440"
               PitchWheelRange="12" GlideIsOn="0" GlideTime="50">
  <OscSection PatchFormat="1">
    <Osc1 PatchFormat="1" StartPhase="0" HighestHarmonic="4" AudioFileRelativePath="Samples\SingleCycle\Classic\Saw.flac"
          Mute="0" Level="0" LevelByKey="0" LevelByVel="0" Pan="0" MidSideRatio="0.5"
          StartPhaseByKey="0" StartPhaseByVel="0" TimeReverse="0" PolarityInvert="0"
          FullWavePhaseWarp="0" HalfWavePhaseWarp="0" CombHarmonic="1"
          CombAmount="0" Tune="0" DetuneHz="0" StereoDetuneSemitones="0"
          StereoDetuneHz="0" PitchModulationDepth="0" SpectralContrast="1"
          SpectralSlope="0" HighestHarmonicToKeep="4" LowestHarmonicToKeep="1"
          PhaseScale="1" PhaseShift="0" EvenOddRatio="0.5" EvenOddPhaseShift="0"
          StereoPhaseShift="0" EvenOddStereoPhaseShift="0"/>
    <Osc2 PatchFormat="1" Level="-4.94" StereoDetune="0.05" StereoDetuneHz="0.4"
          StartPhase="0" LowestHarmonic="5" StereoPhaseShift="-50" AudioFileRelativePath="Samples\SingleCycle\Classic\Saw.flac"
          Mute="0" LevelByKey="0" LevelByVel="0" Pan="0" MidSideRatio="0.5"
          StartPhaseByKey="0" StartPhaseByVel="0" TimeReverse="0" PolarityInvert="0"
          FullWavePhaseWarp="0" HalfWavePhaseWarp="0" CombHarmonic="1"
          CombAmount="0" Tune="0" DetuneHz="0" StereoDetuneSemitones="0.05"
          PitchModulationDepth="0" SpectralContrast="1" SpectralSlope="0"
          HighestHarmonicToKeep="1024" LowestHarmonicToKeep="5" PhaseScale="1"
          PhaseShift="0" EvenOddRatio="0.5" EvenOddPhaseShift="0" EvenOddStereoPhaseShift="0"/>
    <Osc3 PatchFormat="1" Level="-7.76" LevelByKey="12.29" Tune="-12" StartPhase="0"
          AudioFileRelativePath="Samples\SingleCycle\Classic\Square.flac"
          Mute="0" LevelByVel="0" Pan="0" MidSideRatio="0.5" StartPhaseByKey="0"
          StartPhaseByVel="0" TimeReverse="0" PolarityInvert="0" FullWavePhaseWarp="0"
          HalfWavePhaseWarp="0" CombHarmonic="1" CombAmount="0" DetuneHz="0"
          StereoDetuneSemitones="0" StereoDetuneHz="0" PitchModulationDepth="0"
          SpectralContrast="1" SpectralSlope="0" HighestHarmonicToKeep="1024"
          LowestHarmonicToKeep="1" PhaseScale="1" PhaseShift="0" EvenOddRatio="0.5"
          EvenOddPhaseShift="0" StereoPhaseShift="0" EvenOddStereoPhaseShift="0"/>
    <Osc4 PatchFormat="1" Level="-4.77" Pan="-0.2" Tune="-0.05" DetuneHz="-0.4"
          StartPhase="0" LowestHarmonic="5" StereoPhaseShift="50" AudioFileRelativePath="Samples\SingleCycle\Classic\Saw.flac"
          Mute="1" LevelByKey="0" LevelByVel="0" MidSideRatio="0.5" StartPhaseByKey="0"
          StartPhaseByVel="0" TimeReverse="0" PolarityInvert="0" FullWavePhaseWarp="0"
          HalfWavePhaseWarp="0" CombHarmonic="1" CombAmount="0" StereoDetuneSemitones="0"
          StereoDetuneHz="0" PitchModulationDepth="0" SpectralContrast="1"
          SpectralSlope="0" HighestHarmonicToKeep="1024" LowestHarmonicToKeep="5"
          PhaseScale="1" PhaseShift="0" EvenOddRatio="0.5" EvenOddPhaseShift="0"
          EvenOddStereoPhaseShift="0"/>
  </OscSection>
  <Filter PatchFormat="1" Frequency="286.310827" FrequencyByKey="42.1"
          FrequencyByVel="24.6" Resonance="9.2" MakeUp="100" Order="3"
          Mode="Moogish Lowpass" Drive="0" PreAllpass="20000">
    <ControllerMapping>
      <Frequency MidiCC="74" Min="134.215183" Max="2477.94796"/>
    </ControllerMapping>
  </Filter>
  <PitchEnvelope PatchFormat="1" TimeScale="0.114445074" TimeScaleByKey="-100"
                 Depth="1.81818182" DepthByVel="65" ScaleFactor="1" Offset="0"
                 TimeScaleByVel="0" DepthByKey="0" SyncMode="0" LoopStartIndex="0"
                 LoopEndIndex="1" LoopMode="Off">
    <Breakpoint Time="0" Level="1" Shape="Analog" ShapeAmount="1"/>
    <Breakpoint Time="1" Level="1" Shape="Analog" ShapeAmount="1"/>
  </PitchEnvelope>
  <FilterEnvelope PatchFormat="1" TimeScale="0.668121235" TimeScaleByKey="-35"
                  Depth="2.72727273" DepthByVel="71" ScaleFactor="1" Offset="0"
                  TimeScaleByVel="0" DepthByKey="0" SyncMode="0" LoopStartIndex="1"
                  LoopEndIndex="2" LoopMode="Forward">
    <Breakpoint Time="0" Level="2" Shape="Analog" ShapeAmount="1"/>
    <Breakpoint Time="0.457553957" Level="1" Shape="Analog" ShapeAmount="1"/>
    <Breakpoint Time="1.02086331" Level="1" Shape="Analog" ShapeAmount="1"/>
    <Breakpoint Time="1.51942446" Level="0.75" Shape="Analog" ShapeAmount="1"/>
  </FilterEnvelope>
  <AmpEnvelope PatchFormat="1" TimeScale="0.446385985" TimeScaleByKey="-20"
               TimeScaleByVel="-60" ScaleFactor="1" Offset="0" Depth="1" DepthByKey="0"
               DepthByVel="0" SyncMode="0" LoopStartIndex="2" LoopEndIndex="3"
               LoopMode="Forward">
    <Breakpoint Time="0" Level="0" Shape="Analog" ShapeAmount="1"/>
    <Breakpoint Time="0.0366906475" Level="1" Shape="Analog" ShapeAmount="1"/>
    <Breakpoint Time="1" Level="0.5" Shape="Analog" ShapeAmount="1"/>
    <Breakpoint Time="2" Level="0.5" Shape="Analog" ShapeAmount="1"/>
    <Breakpoint Time="3" Level="0" Shape="Analog" ShapeAmount="1"/>
  </AmpEnvelope>
</Straightliner>
