<?xml version="1.0" encoding="UTF-8"?>

<AmpEnvelope ScaleFactor="1" Offset="0" TimeScale="1" TimeScaleByKey="0" TimeScaleByVel="0"
             Depth="1" DepthByKey="0" DepthByVel="0" SyncMode="1" LoopStartIndex="4"
             LoopEndIndex="5" LoopMode="Forward">
  <Breakpoint Time="0" Level="0" Shape="Analog" ShapeAmount="1"/>
  <Breakpoint Time="0.0300677818" Level="1" Shape="Analog" ShapeAmount="1"/>
  <Breakpoint Time="0.125" Level="0.8125" Shape="Analog" ShapeAmount="1"/>
  <Breakpoint Time="0.25" Level="0.8125" Shape="Analog" ShapeAmount="1"/>
  <Breakpoint Time="0.9375" Level="0.8125" Shape="Analog" ShapeAmount="1"/>
  <Breakpoint Time="1" Level="0.8125" Shape="Analog" ShapeAmount="1"/>
  <Breakpoint Time="1.125" Level="0.1875" Shape="Linear" ShapeAmount="1"/>
  <Breakpoint Time="2" Level="0.0625" Shape="Linear" ShapeAmount="1.299"/>
  <Breakpoint Time="4.25" Level="0" Shape="Analog" ShapeAmount="1.299"/>
</AmpEnvelope>
