<?xml version="1.0" encoding="UTF-8"?>

<BreakpointModulatorState ScaleFactor="1" Offset="0" TimeScale="1" TimeScaleByKey="0" TimeScaleByVel="0"
                          Depth="1" DepthByKey="0" DepthByVel="0" SyncMode="1" LoopStartIndex="0"
                          LoopEndIndex="8" LoopMode="Forward">
  <Breakpoint Time="0" Level="0" Shape="Analog" ShapeAmount="1"/>
  <Breakpoint Time="0.015625" Level="1" Shape="Analog" ShapeAmount="1"/>
  <Breakpoint Time="0.25" Level="0.0625" Shape="Analog" ShapeAmount="1"/>
  <Breakpoint Time="0.375" Level="0.75" Shape="Analog" ShapeAmount="1"/>
  <Breakpoint Time="0.5" Level="0.0625" Shape="Analog" ShapeAmount="1"/>
  <Breakpoint Time="0.625" Level="1" Shape="Analog" ShapeAmount="1"/>
  <Breakpoint Time="0.75" Level="0.6875" Shape="Analog" ShapeAmount="1"/>
  <Breakpoint Time="0.875" Level="1" Shape="Analog" ShapeAmount="1"/>
  <Breakpoint Time="1" Level="-0" Shape="Analog" ShapeAmount="1"/>
  <Breakpoint Time="1.28633567" Level="0" Shape="Analog" ShapeAmount="1"/>
</BreakpointModulatorState>
