<?xml version="1.0" encoding="UTF-8"?>

<Straightliner PatchFormat="1" MasterLevel="-21.075" VoiceLevelByKey="-18" NumVoices="8"
               VoiceLevelByVel="0" MasterLevelByVoices="0" MidSideRatio="0.5"
               MasterTuneA4="440" PitchWheelRange="12" GlideIsOn="0" GlideTime="50">
  <OscSection PatchFormat="1">
    <Osc1 PatchFormat="1" PitchModulationDepth="1" StartPhase="0" EvenOddRatio="0.75"
          EvenOddStereoPhaseShift="50" AudioFileRelativePath="Samples\SingleCycle\Classic\Saw.flac"
          Mute="0" Level="0" LevelByKey="0" LevelByVel="0" Pan="0" MidSideRatio="0.5"
          StartPhaseByKey="0" StartPhaseByVel="0" TimeReverse="0" PolarityInvert="0"
          FullWavePhaseWarp="0" HalfWavePhaseWarp="0" CombHarmonic="1"
          CombAmount="0" Tune="0" DetuneHz="0" StereoDetuneSemitones="0"
          StereoDetuneHz="0" SpectralContrast="1" SpectralSlope="0" HighestHarmonicToKeep="1024"
          LowestHarmonicToKeep="1" PhaseScale="1" PhaseShift="0" EvenOddPhaseShift="0"
          StereoPhaseShift="0"/>
    <Osc2 PatchFormat="1" Level="-6.81" Tune="-12" PitchModulationDepth="-1"
          StartPhase="0" EvenOddRatio="0.65" StereoPhaseShift="-23" AudioFileRelativePath="Samples\SingleCycle\Classic\Saw.flac"
          Mute="0" LevelByKey="0" LevelByVel="0" Pan="0" MidSideRatio="0.5"
          StartPhaseByKey="0" StartPhaseByVel="0" TimeReverse="0" PolarityInvert="0"
          FullWavePhaseWarp="0" HalfWavePhaseWarp="0" CombHarmonic="1"
          CombAmount="0" DetuneHz="0" StereoDetuneSemitones="0" StereoDetuneHz="0"
          SpectralContrast="1" SpectralSlope="0" HighestHarmonicToKeep="1024"
          LowestHarmonicToKeep="1" PhaseScale="1" PhaseShift="0" EvenOddPhaseShift="0"
          EvenOddStereoPhaseShift="0"/>
    <Osc3 PatchFormat="1" StartPhase="0" AudioFileRelativePath="Samples\SingleCycle\Classic\Saw.flac"
          Mute="1" Level="0" LevelByKey="0" LevelByVel="0" Pan="0" MidSideRatio="0.5"
          StartPhaseByKey="0" StartPhaseByVel="0" TimeReverse="0" PolarityInvert="0"
          FullWavePhaseWarp="0" HalfWavePhaseWarp="0" CombHarmonic="1"
          CombAmount="0" Tune="0" DetuneHz="0" StereoDetuneSemitones="0"
          StereoDetuneHz="0" PitchModulationDepth="0" SpectralContrast="1"
          SpectralSlope="0" HighestHarmonicToKeep="1024" LowestHarmonicToKeep="1"
          PhaseScale="1" PhaseShift="0" EvenOddRatio="0.5" EvenOddPhaseShift="0"
          StereoPhaseShift="0" EvenOddStereoPhaseShift="0"/>
    <Osc4 PatchFormat="1" StartPhase="0" AudioFileRelativePath="Samples\SingleCycle\Classic\Saw.flac"
          Mute="1" Level="0" LevelByKey="0" LevelByVel="0" Pan="0" MidSideRatio="0.5"
          StartPhaseByKey="0" StartPhaseByVel="0" TimeReverse="0" PolarityInvert="0"
          FullWavePhaseWarp="0" HalfWavePhaseWarp="0" CombHarmonic="1"
          CombAmount="0" Tune="0" DetuneHz="0" StereoDetuneSemitones="0"
          StereoDetuneHz="0" PitchModulationDepth="0" SpectralContrast="1"
          SpectralSlope="0" HighestHarmonicToKeep="1024" LowestHarmonicToKeep="1"
          PhaseScale="1" PhaseShift="0" EvenOddRatio="0.5" EvenOddPhaseShift="0"
          StereoPhaseShift="0" EvenOddStereoPhaseShift="0"/>
  </OscSection>
  <Filter PatchFormat="1" Frequency="1181.90269" FrequencyByKey="106.3"
          Resonance="20.6" MakeUp="100" Drive="4.63" Order="2" Mode="Moogish Lowpass"
          FrequencyByVel="0" PreAllpass="20000"/>
  <PitchEnvelope PatchFormat="1" ScaleFactor="1" Offset="0" TimeScale="1" TimeScaleByKey="0"
                 TimeScaleByVel="0" Depth="1" DepthByKey="0" DepthByVel="0" SyncMode="1"
                 LoopStartIndex="0" LoopEndIndex="7" LoopMode="Forward">
    <Breakpoint Time="0" Level="1" Shape="Stairstep" ShapeAmount="1"/>
    <Breakpoint Time="0.125" Level="1" Shape="Stairstep" ShapeAmount="1"/>
    <Breakpoint Time="0.25" Level="0.5" Shape="Stairstep" ShapeAmount="1"/>
    <Breakpoint Time="0.375" Level="0.25" Shape="Stairstep" ShapeAmount="1"/>
    <Breakpoint Time="0.5" Level="1" Shape="Stairstep" ShapeAmount="1"/>
    <Breakpoint Time="0.75" Level="0.25" Shape="Stairstep" ShapeAmount="1"/>
    <Breakpoint Time="0.875" Level="1.25" Shape="Stairstep" ShapeAmount="1"/>
    <Breakpoint Time="1" Level="1" Shape="Stairstep" ShapeAmount="1"/>
    <Breakpoint Time="2.5836177" Level="1" Shape="Stairstep" ShapeAmount="1"/>
  </PitchEnvelope>
  <FilterEnvelope PatchFormat="1" TimeScale="2" Depth="2.51" ScaleFactor="1" Offset="0"
                  TimeScaleByKey="0" TimeScaleByVel="0" DepthByKey="0" DepthByVel="0"
                  SyncMode="1" LoopStartIndex="0" LoopEndIndex="6" LoopMode="Forward">
    <Breakpoint Time="0" Level="1" Shape="Analog" ShapeAmount="1"/>
    <Breakpoint Time="0.25" Level="1.25" Shape="Analog" ShapeAmount="1"/>
    <Breakpoint Time="0.375" Level="0.625" Shape="Analog" ShapeAmount="1"/>
    <Breakpoint Time="0.5" Level="1.25" Shape="Analog" ShapeAmount="1"/>
    <Breakpoint Time="0.625" Level="0.625" Shape="Analog" ShapeAmount="1"/>
    <Breakpoint Time="0.75" Level="1.25" Shape="Analog" ShapeAmount="1"/>
    <Breakpoint Time="1" Level="1" Shape="Analog" ShapeAmount="1"/>
    <Breakpoint Time="1.01" Level="-0" Shape="Analog" ShapeAmount="1"/>
  </FilterEnvelope>
  <AmpEnvelope PatchFormat="1" ScaleFactor="1" Offset="0" TimeScale="1" TimeScaleByKey="0"
               TimeScaleByVel="0" Depth="1" DepthByKey="0" DepthByVel="0" SyncMode="1"
               LoopStartIndex="1" LoopEndIndex="7" LoopMode="Forward">
    <Breakpoint Time="0" Level="0" Shape="Analog" ShapeAmount="0.427"/>
    <Breakpoint Time="0.01" Level="1" Shape="Analog" ShapeAmount="0.427"/>
    <Breakpoint Time="0.125" Level="0.625" Shape="Analog" ShapeAmount="0.427"/>
    <Breakpoint Time="0.25" Level="1" Shape="Analog" ShapeAmount="0.427"/>
    <Breakpoint Time="0.375" Level="0.75" Shape="Analog" ShapeAmount="0.427"/>
    <Breakpoint Time="0.625" Level="1" Shape="Analog" ShapeAmount="0.427"/>
    <Breakpoint Time="0.75" Level="0.625" Shape="Analog" ShapeAmount="0.427"/>
    <Breakpoint Time="1" Level="1" Shape="Analog" ShapeAmount="0.427"/>
    <Breakpoint Time="1.2" Level="0" Shape="Analog" ShapeAmount="0.427"/>
  </AmpEnvelope>
</Straightliner>
