<?xml version="1.0" encoding="UTF-8"?>

<PitchEnvelope PatchFormat="1" ScaleFactor="1" Offset="0" TimeScale="0.25" TimeScaleByKey="0"
               TimeScaleByVel="0" Depth="0.06" DepthByKey="0" DepthByVel="0"
               SyncMode="0" LoopStartIndex="2" LoopEndIndex="3" LoopMode="Forward">
  <Breakpoint Time="0" Level="1" Shape="Smooth" ShapeAmount="1"/>
  <Breakpoint Time="0.5" Level="1" Shape="Smooth" ShapeAmount="1"/>
  <Breakpoint Time="1" Level="1" Shape="Smooth" ShapeAmount="1"/>
  <Breakpoint Time="2" Level="1" Shape="Smooth" ShapeAmount="1"/>
  <Breakpoint Time="2.25" Level="1" Shape="Smooth" ShapeAmount="1"/>
  <Breakpoint Time="2.5" Level="1.25" Shape="Smooth" ShapeAmount="1"/>
  <Breakpoint Time="2.75" Level="0.8" Shape="Smooth" ShapeAmount="1"/>
  <Breakpoint Time="3" Level="1.25" Shape="Smooth" ShapeAmount="1"/>
  <Breakpoint Time="3.25" Level="0.8" Shape="Smooth" ShapeAmount="1"/>
  <Breakpoint Time="3.5" Level="1.25" Shape="Smooth" ShapeAmount="1"/>
  <Breakpoint Time="3.75" Level="0.8" Shape="Smooth" ShapeAmount="1"/>
  <Breakpoint Time="4" Level="1.25" Shape="Smooth" ShapeAmount="1"/>
  <Breakpoint Time="4.25" Level="0.8" Shape="Smooth" ShapeAmount="1"/>
  <Breakpoint Time="4.5" Level="1.25" Shape="Smooth" ShapeAmount="1"/>
  <Breakpoint Time="4.75" Level="0.8" Shape="Smooth" ShapeAmount="1"/>
  <Breakpoint Time="5" Level="1.25" Shape="Smooth" ShapeAmount="1"/>
  <Breakpoint Time="5.25" Level="0.8" Shape="Smooth" ShapeAmount="1"/>
  <Breakpoint Time="5.5" Level="1.25" Shape="Smooth" ShapeAmount="1"/>
  <Breakpoint Time="5.75" Level="0.8" Shape="Smooth" ShapeAmount="1"/>
  <Breakpoint Time="6" Level="1.25" Shape="Smooth" ShapeAmount="1"/>
  <Breakpoint Time="6.25" Level="0.8" Shape="Smooth" ShapeAmount="1"/>
  <Breakpoint Time="6.5" Level="1.25" Shape="Smooth" ShapeAmount="1"/>
  <Breakpoint Time="6.75" Level="0.8" Shape="Smooth" ShapeAmount="1"/>
  <Breakpoint Time="7" Level="1.25" Shape="Smooth" ShapeAmount="1"/>
  <Breakpoint Time="7.25" Level="0.8" Shape="Smooth" ShapeAmount="1"/>
  <Breakpoint Time="7.5" Level="1.25" Shape="Smooth" ShapeAmount="1"/>
  <Breakpoint Time="7.75" Level="0.8" Shape="Smooth" ShapeAmount="1"/>
  <Breakpoint Time="8" Level="1.25" Shape="Smooth" ShapeAmount="1"/>
  <Breakpoint Time="8.25" Level="0.8" Shape="Smooth" ShapeAmount="1"/>
  <Breakpoint Time="8.5" Level="1.25" Shape="Smooth" ShapeAmount="1"/>
  <Breakpoint Time="8.75" Level="0.8" Shape="Smooth" ShapeAmount="1"/>
  <Breakpoint Time="9" Level="1.25" Shape="Smooth" ShapeAmount="1"/>
  <Breakpoint Time="9.25" Level="0.8" Shape="Smooth" ShapeAmount="1"/>
  <Breakpoint Time="9.5" Level="1.25" Shape="Smooth" ShapeAmount="1"/>
  <Breakpoint Time="9.75" Level="0.8" Shape="Smooth" ShapeAmount="1"/>
  <Breakpoint Time="10" Level="1.25" Shape="Smooth" ShapeAmount="1"/>
  <Breakpoint Time="10.25" Level="0.8" Shape="Smooth" ShapeAmount="1"/>
  <Breakpoint Time="10.5" Level="1.25" Shape="Smooth" ShapeAmount="1"/>
  <Breakpoint Time="10.75" Level="0.8" Shape="Smooth" ShapeAmount="1"/>
  <Breakpoint Time="11" Level="1.25" Shape="Smooth" ShapeAmount="1"/>
  <Breakpoint Time="11.25" Level="0.8" Shape="Smooth" ShapeAmount="1"/>
  <Breakpoint Time="11.5" Level="1.25" Shape="Smooth" ShapeAmount="1"/>
  <Breakpoint Time="11.75" Level="0.8" Shape="Smooth" ShapeAmount="1"/>
  <Breakpoint Time="12" Level="1.25" Shape="Smooth" ShapeAmount="1"/>
  <Breakpoint Time="12.25" Level="0.8" Shape="Smooth" ShapeAmount="1"/>
  <Breakpoint Time="12.5" Level="1.25" Shape="Smooth" ShapeAmount="1"/>
  <Breakpoint Time="12.75" Level="0.8" Shape="Smooth" ShapeAmount="1"/>
  <Breakpoint Time="13" Level="1.25" Shape="Smooth" ShapeAmount="1"/>
  <Breakpoint Time="13.25" Level="0.8" Shape="Smooth" ShapeAmount="1"/>
  <Breakpoint Time="13.5" Level="1.25" Shape="Smooth" ShapeAmount="1"/>
  <Breakpoint Time="13.75" Level="0.8" Shape="Smooth" ShapeAmount="1"/>
  <Breakpoint Time="14" Level="1.25" Shape="Smooth" ShapeAmount="1"/>
  <Breakpoint Time="14.25" Level="0.8" Shape="Smooth" ShapeAmount="1"/>
  <Breakpoint Time="14.5" Level="1.25" Shape="Smooth" ShapeAmount="1"/>
  <Breakpoint Time="14.75" Level="0.8" Shape="Smooth" ShapeAmount="1"/>
  <Breakpoint Time="15" Level="1" Shape="Smooth" ShapeAmount="1"/>
</PitchEnvelope>
