<?xml version="1.0" encoding="UTF-8"?>

<Straightliner PatchFormat="1" MasterLevel="-12.48" VoiceLevelByKey="-5.89772727"
               VoiceLevelByVel="2.86363636" NumVoices="8" MasterLevelByVoices="0"
               MidSideRatio="0.5" MasterTuneA4="440" PitchWheelRange="12" GlideIsOn="0"
               GlideTime="50">
  <OscSection PatchFormat="1">
    <Osc1 PatchFormat="1" Level="-8.47058824" PitchModulationDepth="0.997426471"
          StartPhase="0" CombHarmonic="1.86" CombAmount="100" AudioFileRelativePath="Samples\SingleCycle\Classic\Saw.flac"
          Mute="0" LevelByKey="0" LevelByVel="0" Pan="0" MidSideRatio="0.5"
          StartPhaseByKey="0" StartPhaseByVel="0" TimeReverse="0" PolarityInvert="0"
          FullWavePhaseWarp="0" HalfWavePhaseWarp="0" Tune="0" DetuneHz="0"
          StereoDetuneSemitones="0" StereoDetuneHz="0" SpectralContrast="1"
          SpectralSlope="0" HighestHarmonicToKeep="1024" LowestHarmonicToKeep="1"
          PhaseScale="1" PhaseShift="0" EvenOddRatio="0.5" EvenOddPhaseShift="0"
          StereoPhaseShift="0" EvenOddStereoPhaseShift="0"/>
    <Osc2 PatchFormat="1" MidSide="0.24824673" StereoDetune="0.057321948"
          StereoDetuneHz="1.11682413" StartPhase="0" CombHarmonic="2.84"
          CombAmount="-57" LowestHarmonic="4" EvenOddRatio="0.69" StereoPhaseShift="-80"
          EvenOddStereoPhaseShift="90" AudioFileRelativePath="Samples\SingleCycle\Classic\Saw.flac"
          Mute="0" Level="0" LevelByKey="0" LevelByVel="0" Pan="0" MidSideRatio="0.24824673"
          StartPhaseByKey="0" StartPhaseByVel="0" TimeReverse="0" PolarityInvert="0"
          FullWavePhaseWarp="0" HalfWavePhaseWarp="0" Tune="0" DetuneHz="0"
          StereoDetuneSemitones="0.057321948" PitchModulationDepth="0"
          SpectralContrast="1" SpectralSlope="0" HighestHarmonicToKeep="1024"
          LowestHarmonicToKeep="4" PhaseScale="1" PhaseShift="0" EvenOddPhaseShift="0"/>
    <Osc3 PatchFormat="1" Level="-4.23529412" MidSide="0.395348837" Tune="-12"
          StereoDetune="-0.0459665698" StereoDetuneHz="-0.557049419" StartPhase="0"
          CombHarmonic="1.76" CombAmount="-72.1" LowestHarmonic="3" EvenOddPhaseShift="-80"
          StereoPhaseShift="-75" EvenOddStereoPhaseShift="42" AudioFileRelativePath="Samples\SingleCycle\Classic\Saw.flac"
          Mute="0" LevelByKey="0" LevelByVel="0" Pan="0" MidSideRatio="0.395348837"
          StartPhaseByKey="0" StartPhaseByVel="0" TimeReverse="0" PolarityInvert="0"
          FullWavePhaseWarp="0" HalfWavePhaseWarp="0" DetuneHz="0" StereoDetuneSemitones="-0.0459665698"
          PitchModulationDepth="0" SpectralContrast="1" SpectralSlope="0"
          HighestHarmonicToKeep="1024" LowestHarmonicToKeep="3" PhaseScale="1"
          PhaseShift="0" EvenOddRatio="0.5"/>
    <Osc4 PatchFormat="1" Level="-1.41176471" Tune="-12" StartPhase="0"
          CombHarmonic="1.57" CombAmount="-79.1" AudioFileRelativePath="Samples\SingleCycle\MultipleFundamentals\SawMF_h29.flac"
          Mute="0" LevelByKey="0" LevelByVel="0" Pan="0" MidSideRatio="0.5"
          StartPhaseByKey="0" StartPhaseByVel="0" TimeReverse="0" PolarityInvert="0"
          FullWavePhaseWarp="0" HalfWavePhaseWarp="0" DetuneHz="0" StereoDetuneSemitones="0"
          StereoDetuneHz="0" PitchModulationDepth="0" SpectralContrast="1"
          SpectralSlope="0" HighestHarmonicToKeep="1024" LowestHarmonicToKeep="1"
          PhaseScale="1" PhaseShift="0" EvenOddRatio="0.5" EvenOddPhaseShift="0"
          StereoPhaseShift="0" EvenOddStereoPhaseShift="0"/>
  </OscSection>
  <Filter PatchFormat="1" Frequency="4513.13445" FrequencyByKey="56.1403509"
          FrequencyByVel="38.5964912" Resonance="4.8245614" Q="0.785956619"
          MakeUp="100" Drive="3.36842105" Order="2" Mode="Lowpass 6 dB/oct"
          TwoStages="1">
    <ControllerMapping>
      <Frequency MidiCC="74" Min="1018.41913" Max="4513.13445"/>
    </ControllerMapping>
  </Filter>
  <PitchEnvelope PatchFormat="1" TimeScale="0.283578131" TimeScaleByKey="-65"
                 Depth="1.92727273" DepthByKey="-48" ScaleFactor="1" Offset="0"
                 TimeScaleByVel="0" DepthByVel="0" SyncMode="0" LoopStartIndex="0"
                 LoopEndIndex="7" LoopMode="Off">
    <Breakpoint Time="0" Level="2" Shape="Linear" ShapeAmount="1"/>
    <Breakpoint Time="0.0078125" Level="0.5" Shape="Linear" ShapeAmount="1"/>
    <Breakpoint Time="0.0182190359" Level="1.5" Shape="Linear" ShapeAmount="1"/>
    <Breakpoint Time="0.03125" Level="0.5" Shape="Linear" ShapeAmount="1"/>
    <Breakpoint Time="0.0550901554" Level="1.25" Shape="Linear" ShapeAmount="1"/>
    <Breakpoint Time="0.078125" Level="0.5" Shape="Linear" ShapeAmount="1"/>
    <Breakpoint Time="0.109375" Level="1" Shape="Linear" ShapeAmount="1"/>
    <Breakpoint Time="1" Level="1" Shape="Linear" ShapeAmount="1"/>
  </PitchEnvelope>
  <FilterEnvelope PatchFormat="1" TimeScaleByKey="-60" TimeScaleByVel="25" Depth="0.998295455"
                  DepthByVel="85" ScaleFactor="1" Offset="0" TimeScale="1" DepthByKey="0"
                  SyncMode="0" LoopStartIndex="4" LoopEndIndex="5" LoopMode="Forward">
    <Breakpoint Time="0" Level="0.25" Shape="Analog" ShapeAmount="1"/>
    <Breakpoint Time="0.0042334388" Level="2" Shape="Analog" ShapeAmount="1"/>
    <Breakpoint Time="0.0573151367" Level="1" Shape="Analog" ShapeAmount="1"/>
    <Breakpoint Time="0.107298239" Level="1" Shape="Analog" ShapeAmount="1"/>
    <Breakpoint Time="0.25" Level="1" Shape="Analog" ShapeAmount="1"/>
    <Breakpoint Time="1" Level="1" Shape="Analog" ShapeAmount="1"/>
    <Breakpoint Time="1.09726619" Level="0.592682927" Shape="Analog" ShapeAmount="1"/>
  </FilterEnvelope>
  <AmpEnvelope PatchFormat="1" TimeScaleByKey="-50" ScaleFactor="1" Offset="0"
               TimeScale="1" TimeScaleByVel="0" Depth="1" DepthByKey="0" DepthByVel="0"
               SyncMode="0" LoopStartIndex="2" LoopEndIndex="3" LoopMode="Forward">
    <Breakpoint Time="0" Level="0" Shape="Analog" ShapeAmount="1"/>
    <Breakpoint Time="0.0702566122" Level="1" Shape="Analog" ShapeAmount="1"/>
    <Breakpoint Time="0.356808862" Level="0.75" Shape="Analog" ShapeAmount="1"/>
    <Breakpoint Time="0.721511725" Level="0.75" Shape="Analog" ShapeAmount="1"/>
    <Breakpoint Time="1.00095937" Level="0" Shape="Analog" ShapeAmount="1"/>
  </AmpEnvelope>
</Straightliner>
