<?xml version="1.0" encoding="UTF-8"?>

<AciDevil PatchFormat="1" MasterLevel="-21.8" SlideTime="38.7" Cutoff="268.992298"
          Resonance="88.6" FilterMode="Lowpass 18" EnvMod="0" NormalDecay="432.7"
          AmpRelease="1.5" DistortionDrive="33.3">
  <Sequencer PatchFormat="1">
    <Pattern0>
      <Step0 Gate="1" Accent="0" Slide="1" Key="0" Octave="0"/>
      <Step1 Gate="1" Accent="0" Slide="0" Key="0" Octave="-1"/>
      <Step2 Gate="1" Accent="1" Slide="0" Key="0" Octave="0"/>
      <Step3 Gate="1" Accent="0" Slide="0" Key="0" Octave="0"/>
      <Step4 Gate="1" Accent="0" Slide="1" Key="3" Octave="0"/>
      <Step5 Gate="1" Accent="0" Slide="0" Key="0" Octave="0"/>
      <Step6 Gate="1" Accent="0" Slide="0" Key="0" Octave="0"/>
      <Step7 Gate="1" Accent="0" Slide="0" Key="0" Octave="0"/>
      <Step8 Gate="1" Accent="1" Slide="0" Key="0" Octave="-1"/>
      <Step9 Gate="1" Accent="0" Slide="0" Key="0" Octave="0"/>
      <Step10 Gate="1" Accent="1" Slide="0" Key="0" Octave="0"/>
      <Step11 Gate="1" Accent="0" Slide="1" Key="0" Octave="0"/>
      <Step12 Gate="1" Accent="0" Slide="0" Key="0" Octave="0"/>
      <Step13 Gate="1" Accent="1" Slide="1" Key="0" Octave="0"/>
      <Step14 Gate="1" Accent="0" Slide="1" Key="0" Octave="-1"/>
      <Step15 Gate="1" Accent="0" Slide="0" Key="0" Octave="0"/>
    </Pattern0>
  </Sequencer>
</AciDevil>
