<?xml version="1.0" encoding="UTF-8"?>

<Quadrifex PatchFormat="1" Routing="1&gt;2&gt;3&gt;4" Slot1="Chorus" Slot2="Chorus"
           Slot3="Harmonics" Slot4="StereoWidth">
  <BitCrusher1 PatchFormat="1"/>
  <Harmonics1 PatchFormat="1"/>
  <Chorus1 PatchFormat="1" Delay="50" Depth="0.35" StereoPhase="180" DryWetRatio="0.25"/>
  <CombResonator1 PatchFormat="1"/>
  <CombStereoizer1 PatchFormat="1" ChannelSwitch="0"/>
  <Compressor1 PatchFormat="1"/>
  <CompShaper1 PatchFormat="1"/>
  <DualTwoPoleFilter1 PatchFormat="1"/>
  <Equalizer1 PatchFormat="1" GlobalGain="0"/>
  <Flanger1 PatchFormat="1">
    <ControllerMapping>
      <CycleLength MidiCC="-1" Min="0.25" Max="1"/>
    </ControllerMapping>
  </Flanger1>
  <FourPoleFilter1 PatchFormat="1">
    <ControllerMapping>
      <Mode MidiCC="-1" Min="0" Max="9"/>
    </ControllerMapping>
  </FourPoleFilter1>
  <FrequencyShifter1 PatchFormat="1"/>
  <LadderFilter1 PatchFormat="1"/>
  <ModulatedAllpass1 PatchFormat="1"/>
  <Noisifier1 PatchFormat="1"/>
  <Phaser1 PatchFormat="1">
    <ControllerMapping>
      <CycleLength MidiCC="-1" Min="0.25" Max="1"/>
    </ControllerMapping>
  </Phaser1>
  <PhaseStereoizer1 PatchFormat="1"/>
  <PingPongEcho1 PatchFormat="1"/>
  <Reverb1 PatchFormat="1"/>
  <SineOscillator1 PatchFormat="1"/>
  <StereoWidth1 PatchFormat="1"/>
  <Tremolo1 PatchFormat="1"/>
  <TwoPoleFilter1 PatchFormat="1"/>
  <Vibrato1 PatchFormat="1"/>
  <WahWah1 PatchFormat="1">
    <ControllerMapping>
      <CycleLength MidiCC="-1" Min="0.25" Max="1"/>
    </ControllerMapping>
  </WahWah1>
  <WaveShaper1 PatchFormat="1"/>
  <BitCrusher2 PatchFormat="1"/>
  <Harmonics2 PatchFormat="1"/>
  <Chorus2 PatchFormat="1" CycleLength="8" Depth="0.2" DryWetRatio="0.25"
           DelayScaleVoice1="63" DelayScaleVoice2="78" DelayScaleVoice3="59"
           DelayScaleVoice4="47"/>
  <CombResonator2 PatchFormat="1"/>
  <CombStereoizer2 PatchFormat="1" ChannelSwitch="0"/>
  <Compressor2 PatchFormat="1"/>
  <CompShaper2 PatchFormat="1"/>
  <DualTwoPoleFilter2 PatchFormat="1"/>
  <Equalizer2 PatchFormat="1" GlobalGain="0"/>
  <Flanger2 PatchFormat="1">
    <ControllerMapping>
      <CycleLength MidiCC="-1" Min="0.25" Max="1"/>
    </ControllerMapping>
  </Flanger2>
  <FourPoleFilter2 PatchFormat="1">
    <ControllerMapping>
      <Mode MidiCC="-1" Min="0" Max="9"/>
    </ControllerMapping>
  </FourPoleFilter2>
  <FrequencyShifter2 PatchFormat="1"/>
  <LadderFilter2 PatchFormat="1"/>
  <ModulatedAllpass2 PatchFormat="1"/>
  <Noisifier2 PatchFormat="1"/>
  <Phaser2 PatchFormat="1">
    <ControllerMapping>
      <CycleLength MidiCC="-1" Min="0.25" Max="1"/>
    </ControllerMapping>
  </Phaser2>
  <PhaseStereoizer2 PatchFormat="1"/>
  <PingPongEcho2 PatchFormat="1"/>
  <Reverb2 PatchFormat="1"/>
  <SineOscillator2 PatchFormat="1"/>
  <StereoWidth2 PatchFormat="1"/>
  <Tremolo2 PatchFormat="1"/>
  <TwoPoleFilter2 PatchFormat="1"/>
  <Vibrato2 PatchFormat="1"/>
  <WahWah2 PatchFormat="1">
    <ControllerMapping>
      <CycleLength MidiCC="-1" Min="0.25" Max="1"/>
    </ControllerMapping>
  </WahWah2>
  <WaveShaper2 PatchFormat="1"/>
  <BitCrusher3 PatchFormat="1"/>
  <Harmonics3 PatchFormat="1" DryWetRatio="0.3" H03="-59.2" H05="64.8" H07="40.8"
              H09="28.2" H11="18.3"/>
  <Chorus3 PatchFormat="1"/>
  <CombResonator3 PatchFormat="1"/>
  <CombStereoizer3 PatchFormat="1" ChannelSwitch="0"/>
  <Compressor3 PatchFormat="1"/>
  <CompShaper3 PatchFormat="1"/>
  <DualTwoPoleFilter3 PatchFormat="1"/>
  <Equalizer3 PatchFormat="1" GlobalGain="0"/>
  <Flanger3 PatchFormat="1">
    <ControllerMapping>
      <CycleLength MidiCC="-1" Min="0.25" Max="1"/>
    </ControllerMapping>
  </Flanger3>
  <FourPoleFilter3 PatchFormat="1">
    <ControllerMapping>
      <Mode MidiCC="-1" Min="0" Max="9"/>
    </ControllerMapping>
  </FourPoleFilter3>
  <FrequencyShifter3 PatchFormat="1"/>
  <LadderFilter3 PatchFormat="1"/>
  <ModulatedAllpass3 PatchFormat="1"/>
  <Noisifier3 PatchFormat="1"/>
  <Phaser3 PatchFormat="1">
    <ControllerMapping>
      <CycleLength MidiCC="-1" Min="0.25" Max="1"/>
    </ControllerMapping>
  </Phaser3>
  <PhaseStereoizer3 PatchFormat="1"/>
  <PingPongEcho3 PatchFormat="1"/>
  <Reverb3 PatchFormat="1"/>
  <SineOscillator3 PatchFormat="1"/>
  <StereoWidth3 PatchFormat="1"/>
  <Tremolo3 PatchFormat="1"/>
  <TwoPoleFilter3 PatchFormat="1"/>
  <Vibrato3 PatchFormat="1"/>
  <WahWah3 PatchFormat="1">
    <ControllerMapping>
      <CycleLength MidiCC="-1" Min="0.25" Max="1"/>
    </ControllerMapping>
  </WahWah3>
  <WaveShaper3 PatchFormat="1"/>
  <BitCrusher4 PatchFormat="1"/>
  <Harmonics4 PatchFormat="1"/>
  <Chorus4 PatchFormat="1"/>
  <CombResonator4 PatchFormat="1"/>
  <CombStereoizer4 PatchFormat="1" ChannelSwitch="0"/>
  <Compressor4 PatchFormat="1"/>
  <CompShaper4 PatchFormat="1"/>
  <DualTwoPoleFilter4 PatchFormat="1"/>
  <Equalizer4 PatchFormat="1" GlobalGain="0"/>
  <Flanger4 PatchFormat="1">
    <ControllerMapping>
      <CycleLength MidiCC="-1" Min="0.25" Max="1"/>
    </ControllerMapping>
  </Flanger4>
  <FourPoleFilter4 PatchFormat="1">
    <ControllerMapping>
      <Mode MidiCC="-1" Min="0" Max="9"/>
    </ControllerMapping>
  </FourPoleFilter4>
  <FrequencyShifter4 PatchFormat="1"/>
  <LadderFilter4 PatchFormat="1"/>
  <ModulatedAllpass4 PatchFormat="1"/>
  <Noisifier4 PatchFormat="1"/>
  <Phaser4 PatchFormat="1">
    <ControllerMapping>
      <CycleLength MidiCC="-1" Min="0.25" Max="1"/>
    </ControllerMapping>
  </Phaser4>
  <PhaseStereoizer4 PatchFormat="1"/>
  <PingPongEcho4 PatchFormat="1"/>
  <Reverb4 PatchFormat="1"/>
  <SineOscillator4 PatchFormat="1"/>
  <StereoWidth4 PatchFormat="1" MidSideRatio="0.74" Gain="8.3"/>
  <Tremolo4 PatchFormat="1"/>
  <TwoPoleFilter4 PatchFormat="1"/>
  <Vibrato4 PatchFormat="1"/>
  <WahWah4 PatchFormat="1">
    <ControllerMapping>
      <CycleLength MidiCC="-1" Min="0.25" Max="1"/>
    </ControllerMapping>
  </WahWah4>
  <WaveShaper4 PatchFormat="1"/>
</Quadrifex>
