<?xml version="1.0" encoding="UTF-8"?>

<BreakpointModulatorState ScaleFactor="1" Offset="0" TimeScale="1" TimeScaleByKey="0" TimeScaleByVel="0"
                          Depth="1.79" DepthByKey="0" DepthByVel="0" SyncMode="0" LoopStartIndex="0"
                          LoopEndIndex="10" LoopMode="Forward">
  <Breakpoint Time="0" Level="1.375" Shape="AntiAnalog" ShapeAmount="1.239"/>
  <Breakpoint Time="0.25" Level="1" Shape="AntiAnalog" ShapeAmount="1.239"/>
  <Breakpoint Time="0.375" Level="1.375" Shape="AntiAnalog" ShapeAmount="1.239"/>
  <Breakpoint Time="0.375" Level="0.375" Shape="AntiAnalog" ShapeAmount="1.239"/>
  <Breakpoint Time="0.5" Level="0.75" Shape="AntiAnalog" ShapeAmount="1.239"/>
  <Breakpoint Time="0.5625" Level="2" Shape="AntiAnalog" ShapeAmount="1.239"/>
  <Breakpoint Time="0.625" Level="0.75" Shape="AntiAnalog" ShapeAmount="1.239"/>
  <Breakpoint Time="0.6875" Level="1.625" Shape="AntiAnalog" ShapeAmount="1.239"/>
  <Breakpoint Time="0.8125" Level="1" Shape="AntiAnalog" ShapeAmount="1.239"/>
  <Breakpoint Time="0.9375" Level="0.875" Shape="AntiAnalog" ShapeAmount="1.239"/>
  <Breakpoint Time="1" Level="1.375" Shape="AntiAnalog" ShapeAmount="1.239"/>
  <Breakpoint Time="1.2" Level="0" Shape="AntiAnalog" ShapeAmount="1.239"/>
</BreakpointModulatorState>
