<?xml version="1.0" encoding="UTF-8"?>

<BreakpointModulatorState ScaleFactor="1" Offset="0" TimeScale="4" TimeScaleByKey="0" TimeScaleByVel="0"
                          Depth="1.89" DepthByKey="0" DepthByVel="0" SyncMode="1" LoopStartIndex="0"
                          LoopEndIndex="8" LoopMode="Forward">
  <Breakpoint Time="0" Level="1" Shape="AntiAnalog" ShapeAmount="1.239"/>
  <Breakpoint Time="0.125" Level="0.5" Shape="AntiAnalog" ShapeAmount="1.239"/>
  <Breakpoint Time="0.25" Level="0.75" Shape="AntiAnalog" ShapeAmount="1.239"/>
  <Breakpoint Time="0.375" Level="0.375" Shape="AntiAnalog" ShapeAmount="1.239"/>
  <Breakpoint Time="0.5" Level="0.625" Shape="AntiAnalog" ShapeAmount="1.239"/>
  <Breakpoint Time="0.625" Level="0.25" Shape="AntiAnalog" ShapeAmount="1.239"/>
  <Breakpoint Time="0.75" Level="0.875" Shape="AntiAnalog" ShapeAmount="1.239"/>
  <Breakpoint Time="0.875" Level="0.375" Shape="AntiAnalog" ShapeAmount="1.239"/>
  <Breakpoint Time="1" Level="1" Shape="AntiAnalog" ShapeAmount="1.239"/>
  <Breakpoint Time="2" Level="0.125" Shape="AntiAnalog" ShapeAmount="1.239"/>
</BreakpointModulatorState>
