<?xml version="1.0" encoding="UTF-8"?>

<EchoLab PatchFormat="1" DryWet="0.25" SyncDelayTimes="1" WetLevel="0"
         Solo="-1">
  <DelayLine DelayTime="0.75" Amplitude="0.6" Feedback="0" Pan="0" PingPong="1"
             Mute="0">
    <InputFilter GlobalGain="0">
      <Band Frequency="2024.04502" Gain="11.8588235" Bandwidth="1.70689655"
            Mode="Peak/Dip"/>
    </InputFilter>
  </DelayLine>
  <DelayLine DelayTime="1.25" Amplitude="0.2375" Feedback="0" Pan="0" PingPong="0"
             Mute="0">
    <InputFilter GlobalGain="0">
      <Band Frequency="982.233499" Gain="14.9647059" Bandwidth="1.20114943"
            Mode="Peak/Dip"/>
    </InputFilter>
  </DelayLine>
  <DelayLine DelayTime="1.75" Amplitude="0.2625" Feedback="0" Pan="0" PingPong="0"
             Mute="0">
    <InputFilter GlobalGain="0">
      <Band Frequency="4170.85983" Gain="11.5764706" Bandwidth="2.33908046"
            Mode="Peak/Dip"/>
    </InputFilter>
  </DelayLine>
</EchoLab>
