<?xml version="1.0" encoding="UTF-8"?>

<AciDevil PatchFormat="1" Waveform="1" Cutoff="736.8063" FilterMode="Lowpass 24"
          EnvMod="21.2" NormalDecay="136.8" AccentDecay="100">
  <Sequencer PatchFormat="1">
    <Pattern0>
      <Step0 Gate="1" Accent="0" Slide="1" Key="0" Octave="0"/>
      <Step1 Gate="1" Accent="0" Slide="0" Key="0" Octave="0"/>
      <Step2 Gate="1" Accent="1" Slide="1" Key="0" Octave="0"/>
      <Step3 Gate="1" Accent="0" Slide="0" Key="0" Octave="0"/>
      <Step4 Gate="1" Accent="0" Slide="0" Key="12" Octave="0"/>
      <Step5 Gate="1" Accent="1" Slide="1" Key="0" Octave="-1"/>
      <Step6 Gate="1" Accent="0" Slide="0" Key="0" Octave="0"/>
      <Step7 Gate="1" Accent="0" Slide="0" Key="3" Octave="0"/>
      <Step8 Gate="1" Accent="1" Slide="0" Key="0" Octave="0"/>
      <Step9 Gate="1" Accent="0" Slide="0" Key="0" Octave="0"/>
      <Step10 Gate="1" Accent="1" Slide="1" Key="12" Octave="0"/>
      <Step11 Gate="1" Accent="0" Slide="0" Key="0" Octave="0"/>
      <Step12 Gate="1" Accent="1" Slide="0" Key="0" Octave="0"/>
      <Step13 Gate="1" Accent="1" Slide="0" Key="0" Octave="-1"/>
      <Step14 Gate="1" Accent="0" Slide="1" Key="12" Octave="0"/>
      <Step15 Gate="1" Accent="0" Slide="1" Key="10" Octave="0"/>
    </Pattern0>
  </Sequencer>
</AciDevil>
