<?xml version="1.0" encoding="UTF-8"?>

<DelayDesigner PatchFormat="1" SyncDelayTimes="1">
  <DelayLine DelayTime="0.75" Amplitude="0.275423729" Feedback="17.85" Pan="-0.4">
    <FeedbackFilter GlobalGain="0">
      <Band Frequency="527.383038" Gain="8.4" Bandwidth="1.89996863" Mode="Peak/Dip"/>
    </FeedbackFilter>
  </DelayLine>
  <DelayLine DelayTime="1" Amplitude="0.515536723" Feedback="16.23" Pan="0.5">
    <FeedbackFilter GlobalGain="0">
      <Band Frequency="293.365115" Gain="5.7" Bandwidth="1.89996863" Mode="Peak/Dip"/>
    </FeedbackFilter>
  </DelayLine>
  <DelayLine DelayTime="1.5" Amplitude="0.374293785" Feedback="0" Pan="0">
    <FeedbackFilter GlobalGain="0">
      <Band Frequency="354.227286" Gain="8.7" Bandwidth="1.89996863" Mode="Peak/Dip"/>
    </FeedbackFilter>
  </DelayLine>
  <DelayLine DelayTime="0.5" Amplitude="-0.176553672" Feedback="50.31" Pan="0"/>
  <DelayLine DelayTime="0.25" Amplitude="0.501412429" Feedback="0" Pan="-0.5"/>
</DelayDesigner>
