<?xml version="1.0" encoding="UTF-8"?>

<DelayDesigner PatchFormat="1" SyncDelayTimes="1">
  <DelayLine DelayTime="0.25" Amplitude="0.501412429" Feedback="43.82" Pan="0.33">
    <FeedbackFilter GlobalGain="0">
      <Band Frequency="610.668587" Gain="3.6" Bandwidth="3.32417582" Mode="Peak/Dip"/>
    </FeedbackFilter>
  </DelayLine>
  <DelayLine DelayTime="0.75" Amplitude="0.487288136" Feedback="29.21" Pan="-0.2">
    <FeedbackFilter GlobalGain="0">
      <Band Frequency="2191.42322" Gain="4.5" Bandwidth="4.47252747" Mode="Peak/Dip"/>
    </FeedbackFilter>
  </DelayLine>
  <DelayLine DelayTime="0.5" Amplitude="-0.43079096" Feedback="68.16" Pan="0"/>
  <DelayLine DelayTime="0.375" Amplitude="0.22" Feedback="64.92" Pan="-0.2">
    <FeedbackFilter GlobalGain="0">
      <Band Frequency="2333.55177" Gain="-11.4" Bandwidth="1.89996863" Mode="Peak/Dip"/>
    </FeedbackFilter>
  </DelayLine>
  <DelayLine DelayTime="0.625" Amplitude="-0.20480226" Feedback="73.03" Pan="0.2">
    <FeedbackFilter GlobalGain="0">
      <Band Frequency="818.774718" Gain="-12.3" Bandwidth="1.89996863" Mode="Peak/Dip"/>
    </FeedbackFilter>
  </DelayLine>
</DelayDesigner>
