<?xml version="1.0" encoding="UTF-8"?>

<DelayDesigner PatchFormat="1" DryWet="0.2" SyncDelayTimes="1" Solo="-1">
  <DelayLine DelayTime="0.5" Amplitude="0.628306878" Feedback="38.89" Pan="-0.75"
             PingPong="1" Mute="0">
    <FeedbackFilter GlobalGain="0">
      <Band Frequency="258.095521" Gain="5.51552795" Bandwidth="1.89996863"
            Mode="Peak/Dip"/>
    </FeedbackFilter>
  </DelayLine>
  <DelayLine DelayTime="1.25" Amplitude="0.39021164" Feedback="0" Pan="0"
             PingPong="0" Mute="0">
    <InputFilter GlobalGain="0">
      <Band Frequency="982.233499" Gain="10.8819876" Bandwidth="2.65517241"
            Mode="Peak/Dip"/>
    </InputFilter>
  </DelayLine>
</DelayDesigner>
