<?xml version="1.0" encoding="UTF-8"?>

<PitchEnvelope PatchFormat="1" ScaleFactor="1" Offset="0" TimeScale="1" TimeScaleByKey="0"
               TimeScaleByVel="0" Depth="1" DepthByKey="0" DepthByVel="0" SyncMode="0"
               LoopStartIndex="16" LoopEndIndex="18" LoopMode="Forward">
  <Breakpoint Time="-0" Level="1" Shape="Smooth" ShapeAmount="1"/>
  <Breakpoint Time="0.01" Level="1" Shape="Smooth" ShapeAmount="1"/>
  <Breakpoint Time="0.0625" Level="1.0625" Shape="Smooth" ShapeAmount="1"/>
  <Breakpoint Time="0.125" Level="0.9375" Shape="Smooth" ShapeAmount="1"/>
  <Breakpoint Time="0.1875" Level="1.125" Shape="Smooth" ShapeAmount="1"/>
  <Breakpoint Time="0.25" Level="0.875" Shape="Smooth" ShapeAmount="1"/>
  <Breakpoint Time="0.3125" Level="1.1875" Shape="Smooth" ShapeAmount="1"/>
  <Breakpoint Time="0.375" Level="0.8125" Shape="Smooth" ShapeAmount="1"/>
  <Breakpoint Time="0.4375" Level="1.25" Shape="Smooth" ShapeAmount="1"/>
  <Breakpoint Time="0.5" Level="0.75" Shape="Smooth" ShapeAmount="1"/>
  <Breakpoint Time="0.5625" Level="1.3125" Shape="Smooth" ShapeAmount="1"/>
  <Breakpoint Time="0.625" Level="0.6875" Shape="Smooth" ShapeAmount="1"/>
  <Breakpoint Time="0.6875" Level="1.375" Shape="Smooth" ShapeAmount="1"/>
  <Breakpoint Time="0.75" Level="0.625" Shape="Smooth" ShapeAmount="1"/>
  <Breakpoint Time="0.8125" Level="1.4375" Shape="Smooth" ShapeAmount="1"/>
  <Breakpoint Time="0.875" Level="0.5625" Shape="Smooth" ShapeAmount="1"/>
  <Breakpoint Time="0.9375" Level="1.5" Shape="Smooth" ShapeAmount="1"/>
  <Breakpoint Time="1" Level="0.5" Shape="Smooth" ShapeAmount="1"/>
  <Breakpoint Time="1.0625" Level="1.5" Shape="Smooth" ShapeAmount="1"/>
  <Breakpoint Time="1.125" Level="0.5625" Shape="Smooth" ShapeAmount="1"/>
  <Breakpoint Time="1.1875" Level="1.4375" Shape="Smooth" ShapeAmount="1"/>
  <Breakpoint Time="1.25" Level="0.625" Shape="Smooth" ShapeAmount="1"/>
  <Breakpoint Time="1.3125" Level="1.375" Shape="Smooth" ShapeAmount="1"/>
  <Breakpoint Time="1.375" Level="0.6875" Shape="Smooth" ShapeAmount="1"/>
  <Breakpoint Time="1.4375" Level="1.3125" Shape="Smooth" ShapeAmount="1"/>
  <Breakpoint Time="1.5" Level="0.75" Shape="Smooth" ShapeAmount="1"/>
  <Breakpoint Time="1.5625" Level="1.25" Shape="Smooth" ShapeAmount="1"/>
  <Breakpoint Time="1.625" Level="0.8125" Shape="Smooth" ShapeAmount="1"/>
  <Breakpoint Time="1.6875" Level="1.1875" Shape="Smooth" ShapeAmount="1"/>
  <Breakpoint Time="1.75" Level="0.875" Shape="Smooth" ShapeAmount="1"/>
  <Breakpoint Time="1.8125" Level="1.125" Shape="Smooth" ShapeAmount="1"/>
  <Breakpoint Time="1.875" Level="0.9375" Shape="Smooth" ShapeAmount="1"/>
  <Breakpoint Time="1.9375" Level="1.0625" Shape="Smooth" ShapeAmount="1"/>
  <Breakpoint Time="2" Level="1" Shape="Smooth" ShapeAmount="1"/>
  <Breakpoint Time="2.1875" Level="1" Shape="Smooth" ShapeAmount="1"/>
</PitchEnvelope>
