<?xml version="1.0" encoding="UTF-8"?>

<PitchEnvelope PatchFormat="1" ScaleFactor="1" Offset="0" TimeScale="0.154865846"
               TimeScaleByKey="0" TimeScaleByVel="0" Depth="1" DepthByKey="0"
               DepthByVel="0" SyncMode="0" LoopStartIndex="0" LoopEndIndex="19"
               LoopMode="Off">
  <Breakpoint Time="0" Level="1" Shape="Spikey" ShapeAmount="1"/>
  <Breakpoint Time="0.015625" Level="1.5" Shape="Spikey" ShapeAmount="1"/>
  <Breakpoint Time="0.03125" Level="0.5" Shape="Spikey" ShapeAmount="1"/>
  <Breakpoint Time="0.046875" Level="1.4375" Shape="Spikey" ShapeAmount="1"/>
  <Breakpoint Time="0.0625" Level="0.5625" Shape="Spikey" ShapeAmount="1"/>
  <Breakpoint Time="0.078125" Level="1.375" Shape="Spikey" ShapeAmount="1"/>
  <Breakpoint Time="0.09375" Level="0.625" Shape="Spikey" ShapeAmount="1"/>
  <Breakpoint Time="0.109375" Level="1.3125" Shape="Spikey" ShapeAmount="1"/>
  <Breakpoint Time="0.125" Level="0.6875" Shape="Spikey" ShapeAmount="1"/>
  <Breakpoint Time="0.140625" Level="1.25" Shape="Spikey" ShapeAmount="1"/>
  <Breakpoint Time="0.15625" Level="0.75" Shape="Spikey" ShapeAmount="1"/>
  <Breakpoint Time="0.171875" Level="1.1875" Shape="Spikey" ShapeAmount="1"/>
  <Breakpoint Time="0.1875" Level="0.8125" Shape="Spikey" ShapeAmount="1"/>
  <Breakpoint Time="0.203125" Level="1.125" Shape="Spikey" ShapeAmount="1"/>
  <Breakpoint Time="0.21875" Level="0.875" Shape="Spikey" ShapeAmount="1"/>
  <Breakpoint Time="0.234375" Level="1.0625" Shape="Spikey" ShapeAmount="1"/>
  <Breakpoint Time="0.25" Level="0.9375" Shape="Spikey" ShapeAmount="1"/>
  <Breakpoint Time="0.265625" Level="1" Shape="Spikey" ShapeAmount="1"/>
  <Breakpoint Time="0.65625" Level="1" Shape="Spikey" ShapeAmount="1"/>
  <Breakpoint Time="1" Level="1" Shape="Spikey" ShapeAmount="1"/>
</PitchEnvelope>
