<?xml version="1.0" encoding="UTF-8"?>

<PitchEnvelope PatchFormat="1" ScaleFactor="1" Offset="0" TimeScale="0.189464571"
               TimeScaleByKey="-30" TimeScaleByVel="0" Depth="1" DepthByKey="0"
               DepthByVel="0" SyncMode="0" LoopStartIndex="0" LoopEndIndex="11"
               LoopMode="Off">
  <Breakpoint Time="0" Level="1" Shape="Smooth" ShapeAmount="1"/>
  <Breakpoint Time="0.03125" Level="1.5" Shape="Smooth" ShapeAmount="1"/>
  <Breakpoint Time="0.0625" Level="0.5" Shape="Smooth" ShapeAmount="1"/>
  <Breakpoint Time="0.09375" Level="1.375" Shape="Smooth" ShapeAmount="1"/>
  <Breakpoint Time="0.125" Level="0.625" Shape="Smooth" ShapeAmount="1"/>
  <Breakpoint Time="0.15625" Level="1.25" Shape="Smooth" ShapeAmount="1"/>
  <Breakpoint Time="0.1875" Level="0.75" Shape="Smooth" ShapeAmount="1"/>
  <Breakpoint Time="0.21875" Level="1.125" Shape="Smooth" ShapeAmount="1"/>
  <Breakpoint Time="0.25" Level="0.875" Shape="Smooth" ShapeAmount="1"/>
  <Breakpoint Time="0.28125" Level="1" Shape="Smooth" ShapeAmount="1"/>
  <Breakpoint Time="0.65625" Level="1" Shape="Smooth" ShapeAmount="1"/>
  <Breakpoint Time="1" Level="1" Shape="Smooth" ShapeAmount="1"/>
</PitchEnvelope>
