<?xml version="1.0" encoding="UTF-8"?>

<Quadrifex PatchFormat="1" DryWet="1" Routing="1&gt;2&gt;3&gt;4" Slot1="WahWah" Slot2="WahWah"
           Slot3="Phaser" Slot4="Harmonics">
  <BitCrusher1 PatchFormat="1"/>
  <Harmonics1 PatchFormat="1"/>
  <Chorus1 PatchFormat="1"/>
  <CombResonator1 PatchFormat="1"/>
  <CombStereoizer1 PatchFormat="1" ChannelSwitch="0"/>
  <Compressor1 PatchFormat="1"/>
  <CompShaper1 PatchFormat="1"/>
  <DualTwoPoleFilter1 PatchFormat="1"/>
  <Equalizer1 PatchFormat="1" GlobalGain="0"/>
  <Flanger1 PatchFormat="1">
    <ControllerMapping>
      <CycleLength MidiCC="-1" Min="0.25" Max="1"/>
    </ControllerMapping>
  </Flanger1>
  <FrequencyShifter1 PatchFormat="1"/>
  <LadderFilter1 PatchFormat="1"/>
  <ModulatedAllpass1 PatchFormat="1"/>
  <Noisifier1 PatchFormat="1"/>
  <Phaser1 PatchFormat="1">
    <ControllerMapping>
      <CycleLength MidiCC="-1" Min="0.25" Max="1"/>
    </ControllerMapping>
  </Phaser1>
  <PhaseStereoizer1 PatchFormat="1"/>
  <PingPongEcho1 PatchFormat="1"/>
  <Reverb1 PatchFormat="1"/>
  <SineOscillator1 PatchFormat="1"/>
  <StereoWidth1 PatchFormat="1"/>
  <Tremolo1 PatchFormat="1"/>
  <TwoPoleFilter1 PatchFormat="1"/>
  <Vibrato1 PatchFormat="1"/>
  <WahWah1 PatchFormat="1" CycleLength="1" StereoPhase="90" Mode="Peak/Dip"
           Frequency="449.927638" Gain="27.7" Bandwidth="1.13">
    <ControllerMapping>
      <CycleLength MidiCC="-1" Min="0.25" Max="1"/>
    </ControllerMapping>
  </WahWah1>
  <WaveShaper1 PatchFormat="1"/>
  <BitCrusher2 PatchFormat="1"/>
  <Harmonics2 PatchFormat="1"/>
  <Chorus2 PatchFormat="1"/>
  <CombResonator2 PatchFormat="1"/>
  <CombStereoizer2 PatchFormat="1" ChannelSwitch="0"/>
  <Compressor2 PatchFormat="1"/>
  <CompShaper2 PatchFormat="1"/>
  <DualTwoPoleFilter2 PatchFormat="1"/>
  <Equalizer2 PatchFormat="1" GlobalGain="0"/>
  <Flanger2 PatchFormat="1">
    <ControllerMapping>
      <CycleLength MidiCC="-1" Min="0.25" Max="1"/>
    </ControllerMapping>
  </Flanger2>
  <FrequencyShifter2 PatchFormat="1"/>
  <LadderFilter2 PatchFormat="1"/>
  <ModulatedAllpass2 PatchFormat="1"/>
  <Noisifier2 PatchFormat="1"/>
  <Phaser2 PatchFormat="1">
    <ControllerMapping>
      <CycleLength MidiCC="-1" Min="0.25" Max="1"/>
    </ControllerMapping>
  </Phaser2>
  <PhaseStereoizer2 PatchFormat="1"/>
  <PingPongEcho2 PatchFormat="1"/>
  <Reverb2 PatchFormat="1"/>
  <SineOscillator2 PatchFormat="1"/>
  <StereoWidth2 PatchFormat="1"/>
  <Tremolo2 PatchFormat="1"/>
  <TwoPoleFilter2 PatchFormat="1"/>
  <Vibrato2 PatchFormat="1"/>
  <WahWah2 PatchFormat="1" StereoPhase="180" Depth="12.8" Mode="Peak/Dip"
           Frequency="2999.75878" Gain="14.2" Bandwidth="0.91">
    <ControllerMapping>
      <CycleLength MidiCC="-1" Min="0.25" Max="1"/>
    </ControllerMapping>
  </WahWah2>
  <WaveShaper2 PatchFormat="1"/>
  <BitCrusher3 PatchFormat="1"/>
  <Harmonics3 PatchFormat="1"/>
  <Chorus3 PatchFormat="1"/>
  <CombResonator3 PatchFormat="1"/>
  <CombStereoizer3 PatchFormat="1" ChannelSwitch="0"/>
  <Compressor3 PatchFormat="1"/>
  <CompShaper3 PatchFormat="1"/>
  <DualTwoPoleFilter3 PatchFormat="1"/>
  <Equalizer3 PatchFormat="1" GlobalGain="0"/>
  <Flanger3 PatchFormat="1">
    <ControllerMapping>
      <CycleLength MidiCC="-1" Min="0.25" Max="1"/>
    </ControllerMapping>
  </Flanger3>
  <FrequencyShifter3 PatchFormat="1"/>
  <LadderFilter3 PatchFormat="1"/>
  <ModulatedAllpass3 PatchFormat="1"/>
  <Noisifier3 PatchFormat="1"/>
  <Phaser3 PatchFormat="1" StereoPhase="90" Feedback="50.2" NumStages="8">
    <ControllerMapping>
      <CycleLength MidiCC="-1" Min="0.25" Max="1"/>
    </ControllerMapping>
  </Phaser3>
  <PhaseStereoizer3 PatchFormat="1"/>
  <PingPongEcho3 PatchFormat="1"/>
  <Reverb3 PatchFormat="1"/>
  <SineOscillator3 PatchFormat="1"/>
  <StereoWidth3 PatchFormat="1" MidSideRatio="0.3" Gain="-5"/>
  <Tremolo3 PatchFormat="1"/>
  <TwoPoleFilter3 PatchFormat="1"/>
  <Vibrato3 PatchFormat="1"/>
  <WahWah3 PatchFormat="1">
    <ControllerMapping>
      <CycleLength MidiCC="-1" Min="0.25" Max="1"/>
    </ControllerMapping>
  </WahWah3>
  <WaveShaper3 PatchFormat="1"/>
  <BitCrusher4 PatchFormat="1"/>
  <Harmonics4 PatchFormat="1" Drive="-9.1" DryWetRatio="0.63" H04="32.4" H08="21.1"
              H12="1.4"/>
  <Chorus4 PatchFormat="1"/>
  <CombResonator4 PatchFormat="1"/>
  <CombStereoizer4 PatchFormat="1" ChannelSwitch="0"/>
  <Compressor4 PatchFormat="1"/>
  <CompShaper4 PatchFormat="1"/>
  <DualTwoPoleFilter4 PatchFormat="1"/>
  <Equalizer4 PatchFormat="1" GlobalGain="0"/>
  <Flanger4 PatchFormat="1">
    <ControllerMapping>
      <CycleLength MidiCC="-1" Min="0.25" Max="1"/>
    </ControllerMapping>
  </Flanger4>
  <FrequencyShifter4 PatchFormat="1"/>
  <LadderFilter4 PatchFormat="1"/>
  <ModulatedAllpass4 PatchFormat="1"/>
  <Noisifier4 PatchFormat="1"/>
  <Phaser4 PatchFormat="1">
    <ControllerMapping>
      <CycleLength MidiCC="-1" Min="0.25" Max="1"/>
    </ControllerMapping>
  </Phaser4>
  <PhaseStereoizer4 PatchFormat="1"/>
  <PingPongEcho4 PatchFormat="1" DryWetRatio="0.38" Feedback="26.8"/>
  <Reverb4 PatchFormat="1"/>
  <SineOscillator4 PatchFormat="1"/>
  <StereoWidth4 PatchFormat="1"/>
  <Tremolo4 PatchFormat="1"/>
  <TwoPoleFilter4 PatchFormat="1"/>
  <Vibrato4 PatchFormat="1"/>
  <WahWah4 PatchFormat="1">
    <ControllerMapping>
      <CycleLength MidiCC="-1" Min="0.25" Max="1"/>
    </ControllerMapping>
  </WahWah4>
  <WaveShaper4 PatchFormat="1"/>
</Quadrifex>
