<?xml version="1.0" encoding="UTF-8"?>

<Quadrifex PatchFormat="1" DryWet="1" Routing="1&gt;2&gt;3&gt;4" Slot1="Bypass" Slot2="Bypass"
           Slot3="Bypass" Slot4="Bypass">
  <LoFi1 PatchFormat="1"/>
  <MidSideMixer1 PatchFormat="1"/>
  <CombStereoizer1 PatchFormat="1" ChannelSwitch="0"/>
  <LoFi2 PatchFormat="1"/>
  <MidSideMixer2 PatchFormat="1"/>
  <CombStereoizer2 PatchFormat="1" ChannelSwitch="0"/>
  <LoFi3 PatchFormat="1"/>
  <MidSideMixer3 PatchFormat="1"/>
  <CombStereoizer3 PatchFormat="1" ChannelSwitch="0"/>
  <LoFi4 PatchFormat="1"/>
  <MidSideMixer4 PatchFormat="1"/>
  <CombStereoizer4 PatchFormat="1" ChannelSwitch="0"/>
</Quadrifex>
